#{"t_start": 1749475777.1533613, "env_id": "None"}
r,l,t
0.221632,7,14.742109
0.221632,7,14.747108
0.221632,7,14.752116
0.221632,7,14.756114
0.221632,7,14.761114
0.587037,7,32.643404
0.587037,7,32.650023
0.587037,7,32.657021
0.587037,7,32.663031
0.587037,7,32.670032
,2.481277
1.384945,7,2.500283
0.711435,7,2.517274
0.899319,7,2.533949
0.404931,7,2.544954
1.378549,7,2.558473
0.792503,7,2.571474
0.963872,7,2.585472
0.813967,7,2.599476
-0.332053,7,2.612476
1.23206,7,2.623473
0.50813,7,2.638479
0.622879,7,2.651015
0.399667,7,2.667019
1.203786,7,2.682017
1.110052,7,2.69902
1.252203,7,2.717017
1.303261,7,2.737033
0.748979,7,2.755541
1.205432,7,2.77555
1.192218,7,2.794545
1.41467,7,2.813543
0.713308,7,2.830551
0.556531,7,2.84955
1.381505,7,2.870068
0.804765,7,2.887074
0.696094,7,2.907068
1.156129,7,2.929067
0.343922,7,2.952586
0.641453,7,2.972586
0.957383,7,2.995586
0.768805,7,3.011589
1.255705,7,3.028585
0.92932,7,3.049595
1.427209,7,3.066107
1.308433,7,3.08811
0.907079,7,3.108105
0.174397,7,3.126107
1.15777,7,3.149621
1.276188,7,3.170627
0.975211,7,3.190314
1.337203,7,3.204313
1.364636,7,3.221311
1.209454,7,3.239318
1.390149,7,3.253831
1.17661,7,3.267833
0.845031,7,3.283832
0.756819,7,3.302834
1.284236,7,3.318835
0.457135,7,3.333837
0.897183,7,3.34884
0.975267,7,3.364353
1.053663,7,3.382352
1.200818,7,3.39935
0.997194,7,3.418351
0.601398,7,3.43435
1.11587,7,3.456871
1.211434,7,3.483872
1.015665,7,3.502878
1.118015,7,3.525873
1.098831,7,3.545879
1.143905,7,3.566396
1.022427,7,3.584395
1.413779,7,3.605395
0.956279,7,3.625396
1.089424,7,3.647404
0.657773,7,3.667917
0.701623,7,3.684919
1.199097,7,3.698918
1.003882,7,3.71492
1.078646,7,3.731925
1.317588,7,3.748923
1.260895,7,3.767439
1.185012,7,3.78344
0.86401,7,3.802439
0.951419,7,3.817442
0.953282,7,3.840448
0.925173,7,3.878963
0.52284,7,3.915962
8.8e-05,7,3.954494
0.360894,7,3.989486
1.148561,7,4.008485
1.123466,7,4.038494
1.205876,7,4.054008
1.216007,7,4.069006
1.247639,7,4.084007
-2.535832,7,4.095005
1.047799,7,4.10601
1.245816,7,4.118006
1.387042,7,4.134007
0.946539,7,4.147016
0.171554,7,4.159203
0.764746,7,4.171203
1.176569,7,4.184206
1.370795,7,4.1952
0.804845,7,4.205202
1.134986,7,4.220201
1.093398,7,4.235204
1.179938,7,4.24421
0.763017,7,4.251724
1.368465,7,4.261723
-0.969332,7,4.269725
1.313795,7,4.279723
0.691349,7,4.288724
0.352468,7,4.297724
1.066601,7,4.306724
0.488195,7,4.313721
1.088082,7,4.322721
1.233477,7,4.330721
1.06662,7,4.340731
1.003637,7,4.348732
1.143089,7,4.357245
0.745971,7,4.364244
0.957171,7,4.374246
1.041722,7,4.383245
1.068127,7,4.393242
1.160206,7,4.404247
1.036471,7,4.415244
1.008119,7,4.425243
0.474697,7,4.435243
1.367406,7,4.445248
0.451003,7,4.45476
0.772484,7,4.464764
0.845587,7,4.474763
0.80108,7,4.486762
0.908513,7,4.497761
0.302948,7,4.509764
1.249587,7,4.522761
0.957381,7,4.533763
0.911478,7,4.543782
1.273789,7,4.553278
0.158021,7,4.564288
1.130207,7,4.574277
1.171945,7,4.586281
1.226849,7,4.595278
0.189502,7,4.606278
1.317962,7,4.615278
0.395999,7,4.627278
1.182084,7,4.637288
0.947796,7,4.646288
1.267759,7,4.657408
1.370618,7,4.669409
0.402521,7,4.68041
1.465515,7,4.690408
1.163785,7,4.699409
0.921619,7,4.708411
0.952181,7,4.717408
1.246387,7,4.729412
1.125647,7,4.738416
1.063701,7,4.748416
0.928254,7,4.757926
0.810357,7,4.767926
1.132836,7,4.780924
1.451299,7,4.794923
0.939058,7,4.805925
1.316322,7,4.816923
1.357395,7,4.827927
0.733026,7,4.839942
1.23248,7,4.84894
0.744337,7,4.860455
1.191816,7,4.869451
-0.02738,7,4.879453
1.257485,7,4.888453
1.160317,7,4.896453
1.382647,7,4.90345
0.81846,7,4.911453
1.115268,7,4.919454
1.401835,7,4.927452
0.831805,7,4.935452
0.961175,7,4.942458
0.441315,7,4.950966
1.201481,7,4.957973
0.80078,7,4.966969
1.094862,7,4.97397
0.748075,7,4.983975
0.294422,7,4.99097
0.70184,7,5.001971
0.905214,7,5.01197
0.861831,7,5.019973
0.914879,7,5.02797
1.135759,7,5.034972
1.172589,7,5.043976
1.092612,7,5.051493
-10.068161,7,5.059489
0.505968,7,5.06849
1.419053,7,5.079136
0.976656,7,5.089134
0.851861,7,5.098135
0.9651,7,5.107132
0.849795,7,5.114135
0.567043,7,5.122132
1.300359,7,5.129132
1.231618,7,5.138139
0.771494,7,5.14714
0.876063,7,5.155656
-0.016903,7,5.165652
1.114844,7,5.175654
0.937663,7,5.184653
1.346059,7,5.192653
1.375421,7,5.200655
1.249301,7,5.208656
1.139369,7,5.216655
0.826545,7,5.224652
1.009261,7,5.232653
0.312355,7,5.239658
0.843277,7,5.248658
1.080264,7,5.257163
1.320753,7,5.267164
1.156839,7,5.276162
1.284376,7,5.285161
1.267537,7,5.29617
0.518463,7,5.306164
1.236782,7,5.316165
0.891726,7,5.326166
1.086701,7,5.335166
1.202584,7,5.34417
0.612097,7,5.35468
1.131196,7,5.363677
1.385463,7,5.37268
1.199781,7,5.382677
1.328897,7,5.392685
1.120715,7,5.402683
1.136307,7,5.412681
0.723767,7,5.42268
0.963134,7,5.43168
1.088973,7,5.441686
1.227148,7,5.451196
0.846602,7,5.462203
0.088089,7,5.473202
1.298605,7,5.482201
0.441773,7,5.492203
1.132872,7,5.502203
0.740475,7,5.511204
1.199128,7,5.522204
1.15594,7,5.532205
0.620452,7,5.542211
1.051286,7,5.552723
1.210917,7,5.563724
0.607899,7,5.571724
0.665251,7,5.582725
1.007299,7,5.592722
1.194123,7,5.602724
0.440312,7,5.611723
1.088018,7,5.621722
1.344619,7,5.633725
1.126094,7,5.642728
1.024022,7,5.65209
0.861605,7,5.663089
1.155666,7,5.675088
0.599173,7,5.684087
1.141565,7,5.69409
1.164949,7,5.703086
1.272318,7,5.712088
1.45075,7,5.723086
0.613147,7,5.73209
1.104411,7,5.743095
1.217185,7,5.752609
1.333742,7,5.762608
1.286198,7,5.772611
0.822934,7,5.781608
0.995004,7,5.791611
1.08523,7,5.800606
1.25029,7,5.808616
0.917534,7,5.81961
1.156632,7,5.828606
1.3403,7,5.839616
0.887566,7,5.849615
1.257267,7,5.857776
0.900189,7,5.867778
1.226317,7,5.877776
0.585949,7,5.886777
0.643878,7,5.896776
0.890114,7,5.904774
0.246342,7,5.914403
0.845134,7,5.923405
1.367869,7,5.932408
1.120503,7,5.941412
1.121988,7,5.950918
1.102298,7,5.960927
1.047519,7,5.970926
0.335586,7,5.979927
0.73759,7,5.98893
1.137923,7,9.825157
1.041744,7,9.834155
0.748693,7,9.842164
1.16612,7,9.850163
1.375103,7,9.858676
1.169009,7,9.867676
1.322252,7,9.876673
1.153383,7,9.884675
1.219942,7,9.893675
1.150056,7,9.902675
1.215364,7,9.911673
0.87541,7,9.919674
0.843772,7,9.926676
0.94852,7,9.935675
0.33608,7,9.943677
0.743096,7,9.95068
1.364983,7,9.959194
1.022253,7,9.966189
1.098675,7,9.973807
1.007255,7,9.981809
1.130743,7,9.990808
1.034739,7,9.998807
0.840501,7,10.006809
1.03201,7,10.013806
1.072017,7,10.021807
0.925883,7,10.029809
1.082623,7,10.038814
1.091475,7,10.047817
1.119328,7,10.056326
0.951752,7,10.064324
0.608148,7,10.072325
0.535046,7,10.079329
1.185173,7,10.086326
0.99711,7,10.094327
1.497368,7,10.102327
0.822555,7,10.109326
0.703025,7,10.117324
0.395207,7,10.124325
0.879539,7,10.132329
1.392054,7,10.140332
1.32251,7,10.14833
1.15483,7,10.15584
1.359973,7,10.163836
0.89229,7,10.171838
0.800486,7,10.178838
1.023875,7,10.186838
0.300441,7,10.193835
1.247302,7,10.200836
0.834595,7,10.207838
1.131907,7,10.215836
1.382713,7,10.222836
0.864253,7,10.230838
0.458391,7,10.237839
-32.528023,7,10.244842
0.843652,7,10.251848
1.137047,7,10.26036
1.157381,7,10.26836
1.240286,7,10.276362
0.875226,7,10.28336
-0.446617,7,10.291362
1.079827,7,10.30036
0.184368,7,10.307365
0.669451,7,10.315363
1.022453,7,10.322363
0.660707,7,10.329363
1.152933,7,10.337363
1.428245,7,10.344367
0.994851,7,10.352368
0.835971,7,10.359879
1.362424,7,10.367878
0.940903,7,10.378879
0.291498,7,10.38988
1.431938,7,10.400878
0.951873,7,10.410881
0.821729,7,10.419879
1.140427,7,10.430879
0.639396,7,10.440885
-0.77846,7,10.449885
0.547972,7,10.459395
0.285937,7,10.469395
1.134925,7,10.478397
1.327234,7,10.487395
0.883465,7,10.498394
0.914334,7,10.508395
0.983024,7,10.517395
0.677663,7,10.525396
0.801354,7,10.533395
1.200836,7,10.5414
0.874068,7,10.549398
1.314912,7,10.556905
-0.08478,7,10.564906
0.704406,7,10.571907
1.360806,7,10.578906
1.072073,7,10.586906
1.310899,7,10.593907
0.721852,7,10.600908
0.140095,7,10.608906
1.143871,7,10.615907
0.927976,7,10.623909
0.986252,7,10.632904
1.02968,7,10.639913
0.923253,7,10.646915
0.969691,7,10.655418
1.053002,7,10.662419
0.996019,7,10.670418
0.947899,7,10.677418
1.067104,7,10.685418
0.937064,7,10.692418
1.174029,7,10.700418
1.416218,7,10.707419
0.792798,7,10.715416
1.133526,7,10.722416
0.928904,7,10.73242
1.298318,7,10.741422
1.13525,7,10.748423
-0.202871,7,10.755936
1.160899,7,10.763934
0.51688,7,10.770936
1.33702,7,10.778937
1.019048,7,10.786936
1.050369,7,10.795936
0.903076,7,10.802937
1.208877,7,10.813937
0.420524,7,10.821938
0.649247,7,10.830937
0.788495,7,10.837935
0.463032,7,10.84594
0.87107,7,10.853449
1.27596,7,10.861453
-0.070094,7,10.869459
0.866731,7,10.878461
1.090808,7,10.886455
1.442066,7,10.893456
1.453685,7,10.901454
1.302821,7,10.909456
1.392465,7,10.916456
0.970976,7,10.925455
0.191661,7,10.932453
1.364659,7,10.941461
1.010764,7,10.948462
0.895574,7,10.956524
0.571585,7,10.963519
1.052764,7,10.974521
1.190338,7,10.983525
0.66926,7,10.994525
1.325443,7,11.004522
0.850466,7,11.015524
1.403623,7,11.025522
1.172209,7,11.034525
0.671361,7,11.045536
1.095618,7,11.055055
0.705805,7,11.065052
0.794557,7,11.075051
0.902154,7,11.083051
1.24723,7,11.094051
0.613113,7,11.105051
0.316258,7,11.115057
0.696871,7,11.126049
1.180861,7,11.135051
0.745415,7,11.148057
0.897133,7,11.157573
0.950192,7,11.167573
-0.127982,7,11.176576
1.025442,7,11.188573
0.841054,7,11.198573
1.185662,7,11.209574
1.050259,7,11.219578
0.974305,7,11.230574
1.014632,7,11.242583
0.911993,7,11.25258
0.995263,7,11.263092
-0.169207,7,11.272087
0.674178,7,11.281087
1.406026,7,11.289087
0.639006,7,11.298084
0.583509,7,11.308086
0.471721,7,11.320087
1.173141,7,11.330085
0.368649,7,11.34109
1.343341,7,11.351093
0.216836,7,11.359606
1.179563,7,11.367611
0.82705,7,11.377609
1.068744,7,11.387606
0.678911,7,11.397607
1.162078,7,11.408607
1.382961,7,11.420607
0.335921,7,11.431606
0.639769,7,11.444616
1.190642,7,11.457129
0.672249,7,11.470128
0.689411,7,11.48313
0.292228,7,11.494128
1.312325,7,11.507127
1.194259,7,11.518129
1.005528,7,11.529132
1.354275,7,11.541133
0.632156,7,11.551802
1.333084,7,11.560313
1.159744,7,11.569314
1.181122,7,11.578313
1.212107,7,11.589314
1.253697,7,11.600313
0.49481,7,11.613313
0.309592,7,11.621312
1.286122,7,11.629312
1.140647,7,11.636311
1.136164,7,11.644314
1.190529,7,11.651313
0.798081,7,11.658823
0.763037,7,11.666823
0.039756,7,11.674823
1.31518,7,11.681823
1.098727,7,11.689823
1.281176,7,11.696825
0.648302,7,11.704821
1.073526,7,11.731823
0.891295,7,11.745832
1.355276,7,11.753831
0.920077,7,11.761341
1.193952,7,11.768342
1.15641,7,11.77634
1.159851,7,11.783345
0.516843,7,11.79034
1.177844,7,11.798343
0.940173,7,11.806342
1.012665,7,11.813341
0.891401,7,11.820342
0.600195,7,11.828345
1.222161,7,11.836342
1.180025,7,11.844352
1.168161,7,11.851347
1.310645,7,11.858858
0.732,7,11.86586
0.696064,7,11.873858
0.895426,7,11.881855
1.089187,7,11.888857
1.04384,7,11.897856
1.253934,7,11.904858
1.191751,7,11.912855
0.844701,7,11.920857
0.920325,7,11.927857
1.261863,7,11.935855
0.271101,7,11.943864
1.044879,7,11.950863
1.134852,7,11.958386
1.36273,7,11.965385
-0.294761,7,11.973021
0.878591,7,11.980021
1.064834,7,11.989023
1.453276,7,11.996021
0.898977,7,12.004019
1.193426,7,12.012017
0.604193,7,12.019017
0.289828,7,12.026017
0.396352,7,12.034022
1.373947,7,12.041027
1.274699,7,12.048027
1.359735,7,12.055535
1.273582,7,12.063535
1.090132,7,12.071535
0.809202,7,12.078535
1.054159,7,12.086534
0.379249,7,12.093536
1.001665,7,12.101533
0.383403,7,12.109535
1.121531,7,12.116534
1.379993,7,12.124534
1.269991,7,12.131532
0.472189,7,12.139539
0.390774,7,12.147541
0.168877,7,12.155053
1.200495,7,12.162056
0.998631,7,12.170051
1.134075,7,12.177053
1.141751,7,12.18505
0.988946,7,12.193052
0.657296,7,12.202052
1.155553,7,12.209052
0.929647,7,12.217052
0.621974,7,12.224052
1.422268,7,12.232052
0.932064,7,12.239054
0.114222,7,12.246058
1.138515,7,12.253058
0.036272,7,12.260568
1.438584,7,12.268567
1.143141,7,12.276566
0.978766,7,12.283567
0.769051,7,12.291567
0.499452,7,12.299564
1.149022,7,12.307567
1.064702,7,12.314567
1.007386,7,15.997985
0.728452,7,16.005981
1.36768,7,16.012983
0.770364,7,16.021982
0.823367,7,16.029986
0.682311,7,16.037981
1.479766,7,16.045986
1.256165,7,16.052986
1.258989,7,16.060495
1.124342,7,16.068498
0.767638,7,16.075497
1.419707,7,16.084498
1.168657,7,16.091496
1.244654,7,16.098495
1.142738,7,16.105496
1.113529,7,16.113496
1.162321,7,16.120498
1.148025,7,16.127495
0.804953,7,16.135497
1.086935,7,16.144506
1.208734,7,16.151501
1.068453,7,16.162014
1.162947,7,16.171014
0.341161,7,16.179015
0.65007,7,16.187016
1.154746,7,16.195015
1.145837,7,16.204013
0.572281,7,16.212016
0.846117,7,16.219014
1.140989,7,16.228013
1.134443,7,16.238014
1.192112,7,16.247024
0.693481,7,16.255025
1.147239,7,16.264537
0.701638,7,16.275535
1.259916,7,16.285537
0.86006,7,16.294535
0.351189,7,16.303535
-1.512132,7,16.313537
0.864774,7,16.322534
1.036178,7,16.330534
0.739284,7,16.338535
1.407399,7,16.346543
0.903629,7,16.354546
1.204045,7,16.363055
1.223168,7,16.371057
1.429774,7,16.379053
0.707633,7,16.387053
1.378739,7,16.395056
0.872231,7,16.402052
1.062596,7,16.414053
1.088639,7,16.426054
1.208591,7,16.435055
1.007235,7,16.445063
0.751597,7,16.453057
1.010048,7,16.461572
0.86342,7,16.469567
0.15111,7,16.479567
0.987821,7,16.490567
0.787497,7,16.499568
0.844789,7,16.508566
0.695725,7,16.515566
0.702741,7,16.523568
1.183543,7,16.530565
1.252106,7,16.537565
1.126249,7,16.546573
1.175186,7,16.553573
1.062654,7,16.561079
0.802367,7,16.568083
1.191033,7,16.577078
1.168435,7,16.584079
1.122192,7,16.592078
1.139527,7,16.599077
1.385533,7,16.606078
1.408021,7,16.613078
1.302019,7,16.621079
0.581576,7,16.628078
1.320304,7,16.63608
1.135085,7,16.643084
1.148723,7,16.651082
1.159481,7,16.658594
0.951565,7,16.666597
0.225221,7,16.674593
1.063672,7,16.682595
1.295929,7,16.689596
1.385843,7,16.697597
-26.360842,7,16.704596
1.109037,7,16.712593
0.916835,7,16.720593
0.817935,7,16.727596
1.080116,7,16.736593
0.918062,7,16.743597
1.026229,7,16.751597
0.766627,7,16.759678
0.793586,7,16.767678
1.414996,7,16.774679
1.097973,7,16.782681
1.179296,7,16.790681
1.174199,7,16.799684
1.274152,7,16.808313
1.28367,7,16.815321
1.013793,7,16.82232
0.713663,7,16.829318
1.234079,7,16.83732
1.111828,7,16.845324
1.253306,7,16.852323
0.86355,7,16.85983
1.195127,7,16.86683
1.317169,7,16.87483
1.172928,7,16.882828
1.013891,7,16.89083
1.093689,7,16.898829
1.024262,7,16.90683
1.137248,7,16.913827
1.230786,7,16.92183
1.298162,7,16.929831
1.02288,7,16.937829
0.460098,7,16.945833
0.869953,7,16.952833
1.421562,7,16.960344
1.286171,7,16.968342
-0.297781,7,16.975344
1.132912,7,16.983345
0.94102,7,16.990344
1.359939,7,16.999345
0.829833,7,17.007343
0.919956,7,17.014343
0.758909,7,17.022345
1.116039,7,17.029345
0.602597,7,17.108859
0.958244,7,17.118862
0.92401,7,17.128859
0.981683,7,17.138861
1.022797,7,17.149864
0.780734,7,17.159383
1.308173,7,17.169381
1.279098,7,17.177381
0.425804,7,17.187382
1.52059,7,17.197382
1.212127,7,17.20938
0.393282,7,17.218385
0.716932,7,17.225383
0.551876,7,17.233383
1.077093,7,17.241382
1.365071,7,17.248389
0.05488,7,17.256894
1.122095,7,17.264901
1.317918,7,17.271899
1.226328,7,17.2809
0.780598,7,17.2879
0.883401,7,17.295899
1.14515,7,17.302898
1.195938,7,17.309898
0.922354,7,17.3179
1.348186,7,17.324901
0.679715,7,17.333898
1.215214,7,17.340899
1.28961,7,17.348902
1.311389,7,17.355904
1.053743,7,17.364417
1.196262,7,17.372415
1.10593,7,17.380417
1.28971,7,17.38742
0.623104,7,17.395418
1.324671,7,17.402417
1.210248,7,17.410416
0.947342,7,17.417418
-1.252565,7,17.425415
1.162064,7,17.43242
1.23359,7,17.440415
1.386299,7,17.447421
0.760759,7,17.455418
0.126225,7,17.462928
1.213855,7,17.470927
0.786173,7,17.477927
0.922863,7,17.486926
0.792709,7,17.496927
1.225034,7,17.505926
1.440721,7,17.51493
1.131174,7,17.522927
1.193083,7,17.530927
1.423159,7,17.538928
1.158897,7,17.545933
-39.167721,7,17.553936
0.572785,7,17.561453
0.648986,7,17.569452
0.30822,7,17.576451
0.677407,7,17.584451
1.078099,7,17.592451
0.430779,7,17.600451
1.218698,7,17.608449
0.790401,7,17.618452
0.610179,7,17.62845
0.80088,7,17.637452
1.250135,7,17.646456
0.975413,7,17.655455
1.163834,7,17.664964
1.058935,7,17.67397
1.261639,7,17.682967
0.84156,7,17.691969
1.277788,7,17.702966
0.581692,7,17.712643
1.046156,7,17.721643
1.392911,7,17.732642
0.569726,7,17.743648
1.171943,7,17.752648
1.521567,7,17.76216
1.235382,7,17.772159
0.99675,7,17.781161
0.964947,7,17.791161
1.35686,7,17.800159
0.776568,7,17.81016
1.067519,7,17.820159
0.962381,7,17.829156
0.876627,7,17.838159
1.219376,7,17.848166
0.452976,7,17.857162
0.12699,7,17.869463
1.099453,7,17.878461
-0.148809,7,17.888466
0.466331,7,17.899462
1.029016,7,17.908464
0.570142,7,17.918463
1.034289,7,17.927463
1.007024,7,17.936465
0.670133,7,17.945467
1.002504,7,17.954467
0.49215,7,17.965515
0.634169,7,17.974514
1.457375,7,17.984515
1.132162,7,17.994514
0.890062,7,18.003514
0.341863,7,18.013513
1.139743,7,18.022515
0.974167,7,18.032512
1.023224,7,18.042516
1.263713,7,18.051523
1.35138,7,18.062035
-0.135122,7,18.072032
0.690067,7,18.081031
1.134067,7,18.092032
1.025537,7,18.103032
1.128877,7,18.115034
1.039357,7,18.128031
1.289503,7,18.140033
1.390727,7,18.154039
1.301782,7,18.168184
0.779744,7,18.184185
1.392405,7,18.199185
0.88798,7,18.211184
0.84157,7,18.224183
1.399847,7,18.237184
1.075883,7,18.249192
1.120858,7,18.263705
0.850429,7,18.276703
1.092584,7,18.289703
0.743174,7,18.302702
0.730473,7,18.315704
1.151952,7,18.329701
0.747405,7,18.343708
0.990128,7,18.359221
0.953352,7,18.374222
1.307172,7,18.38622
1.120452,7,18.398218
1.087467,7,18.40822
-0.08674,7,18.419218
0.01553,7,18.429219
0.872702,7,18.437221
1.198507,7,18.444223
-0.982237,7,18.452223
1.079659,7,18.459732
0.578861,7,18.468734
0.453793,7,18.475733
1.234856,7,18.483731
1.066494,7,18.490731
0.605488,7,18.499732
1.105258,7,18.507737
-2.186882,7,18.515733
1.140183,7,18.522735
0.920238,7,18.529732
1.118217,7,18.536731
1.15926,7,18.544738
1.259796,7,18.551738
0.115389,7,18.56025
1.424511,7,18.572252
-39.103994,7,18.586251
-0.175022,7,18.599894
0.989778,7,18.612891
1.213557,7,18.623903
0.11827,7,18.635893
1.003329,7,18.648902
1.158058,7,18.661417
1.263331,7,22.444199
1.068539,7,22.452202
1.397459,7,22.459206
1.124002,7,22.466717
1.238177,7,22.47472
1.091297,7,22.481719
1.398964,7,22.48872
0.872567,7,22.495719
1.468665,7,22.502719
1.087597,7,22.51072
1.196384,7,22.51772
0.753706,7,22.525719
0.881827,7,22.532721
0.483031,7,22.54072
1.236191,7,22.548725
0.790853,7,22.555726
1.141395,7,22.563238
1.01709,7,22.57224
1.129196,7,22.580237
1.04058,7,22.589239
1.366617,7,22.596238
1.069932,7,22.603235
1.057688,7,22.611239
0.206733,7,22.618238
0.953478,7,22.626238
0.978976,7,22.634236
0.823893,7,22.641236
1.203417,7,22.64824
1.153115,7,22.657244
1.136283,7,22.664758
-12.438411,7,22.672761
1.112191,7,22.679757
1.423181,7,22.687756
0.958076,7,22.69476
0.754426,7,22.701759
1.07422,7,22.708756
1.089382,7,22.716756
0.864291,7,22.723759
1.138349,7,22.731759
1.121026,7,22.739759
1.300316,7,22.746765
0.662675,7,22.753765
1.316444,7,22.76127
1.218772,7,22.768277
1.466214,7,22.776276
-0.156367,7,22.783276
1.296209,7,22.791276
0.76971,7,22.799276
1.231066,7,22.806273
1.176422,7,22.814274
0.528,7,22.822274
-0.017742,7,22.830274
0.668323,7,22.838279
1.315229,7,22.846278
1.38131,7,22.853283
0.979663,7,22.860786
1.250506,7,22.867792
0.88167,7,22.875792
1.198845,7,22.883792
1.161718,7,22.890791
0.729653,7,22.89879
1.253114,7,22.90579
0.970772,7,22.912791
1.199481,7,22.92179
1.044055,7,22.928792
0.932631,7,22.936792
0.526498,7,22.943792
1.232604,7,22.951798
1.328604,7,22.959795
1.196966,7,22.966306
0.886558,7,22.974304
1.153942,7,22.981302
1.276004,7,22.988302
1.236481,7,22.996305
1.397871,7,23.003303
1.276102,7,23.011302
1.123158,7,23.018304
1.009074,7,23.025304
1.227901,7,23.033304
1.112447,7,23.040305
0.722505,7,23.047308
1.210616,7,23.05431
0.634346,7,23.061824
1.268485,7,23.068823
1.11512,7,23.077446
0.840956,7,23.084456
-0.030379,7,23.091459
1.2381,7,23.098458
1.101312,7,23.106458
0.670387,7,23.114454
1.00077,7,23.122454
1.275722,7,23.129448
1.286946,7,23.137445
0.942086,7,23.146451
1.169287,7,23.154452
0.918822,7,23.162973
0.975282,7,23.170962
0.937828,7,23.177963
1.3053,7,23.184963
1.235164,7,23.191961
0.828102,7,23.198961
1.393833,7,23.20696
0.970055,7,23.213963
0.85954,7,23.221963
1.288837,7,23.228964
1.11244,7,23.236963
1.249587,7,23.243963
0.262566,7,23.250967
0.746422,7,23.258969
1.22232,7,23.266476
0.624263,7,23.273475
0.855073,7,23.281477
1.267484,7,23.290476
0.66854,7,23.298475
1.424933,7,23.305475
0.931747,7,23.313475
1.191219,7,23.320477
0.893135,7,23.327477
0.898922,7,23.334475
1.43139,7,23.341475
1.215976,7,23.350481
0.958372,7,23.357479
1.030051,7,23.36499
1.517217,7,23.371992
1.050443,7,23.37999
1.309273,7,23.388991
1.189877,7,23.398991
1.173129,7,23.406989
1.068764,7,23.413989
-10.332836,7,23.42199
1.201488,7,23.428988
0.856027,7,23.435991
0.539562,7,23.443989
1.377919,7,23.450991
1.214367,7,23.457994
1.401781,7,23.465103
1.019169,7,23.474105
-0.158455,7,23.481103
0.05935,7,23.489106
1.053471,7,23.496105
1.152253,7,23.504106
1.43815,7,23.513106
0.829396,7,23.521109
1.137321,7,23.528103
1.264349,7,23.536105
0.926938,7,23.543105
1.08329,7,23.551111
1.19394,7,23.558111
0.934394,7,23.565618
1.233638,7,23.572618
0.939654,7,23.579615
0.461068,7,23.588616
0.924802,7,23.596616
1.257993,7,23.603614
1.356559,7,23.610614
1.250444,7,23.617614
0.299523,7,23.625617
1.310628,7,23.632252
0.755099,7,23.640249
1.20173,7,23.649258
0.769155,7,23.657259
1.12568,7,23.664416
1.136118,7,23.672413
1.448654,7,23.679417
1.112135,7,23.686415
1.258072,7,23.694414
1.058032,7,23.701415
1.110919,7,23.708413
1.096667,7,23.716413
0.996108,7,23.723416
1.248495,7,23.732416
0.373014,7,23.739416
-0.085265,7,23.74842
0.699818,7,23.75542
1.085523,7,23.763932
1.348585,7,23.770931
1.1982,7,23.77793
1.310309,7,23.78593
1.019848,7,23.792932
0.976457,7,23.799932
1.190675,7,23.80793
0.555383,7,23.81493
0.796512,7,23.822934
1.295065,7,23.829931
1.270307,7,23.837932
1.164924,7,23.845932
0.897336,7,23.852941
1.154218,7,23.859941
1.258949,7,23.868457
1.427929,7,23.876456
1.377617,7,23.883454
1.092075,7,23.891457
1.038354,7,23.898456
1.175333,7,23.905457
1.154746,7,23.913457
0.890172,7,23.921457
1.083864,7,23.928457
0.935606,7,23.936459
0.691749,7,23.944456
-2.710265,7,23.952462
0.831942,7,23.959462
0.974068,7,23.966973
-2.223555,7,23.973971
0.763752,7,23.981973
1.321574,7,23.988974
0.449455,7,23.996974
0.967921,7,24.003971
0.939353,7,24.011974
1.259976,7,24.019971
1.167316,7,24.026977
0.733537,7,24.034974
0.768609,7,24.042975
0.97269,7,24.050977
0.687348,7,24.05798
0.845033,7,24.065487
1.406237,7,24.073488
1.194108,7,24.081487
1.219605,7,24.088488
1.32407,7,24.095485
0.903748,7,24.104486
1.129194,7,24.113487
0.755888,7,24.120486
0.647598,7,24.129487
0.888253,7,24.136485
1.180778,7,24.144488
-0.566779,7,24.152494
1.21362,7,24.160496
0.545584,7,24.168003
1.246473,7,24.177005
1.032908,7,24.184004
0.822713,7,24.192001
1.128389,7,24.199001
1.182327,7,24.206003
1.264388,7,24.214004
1.198464,7,24.222003
0.986004,7,24.229001
1.207415,7,24.237003
1.243854,7,24.244001
1.150454,7,24.251008
0.350875,7,24.259007
0.372793,7,24.266521
0.293421,7,24.273518
0.935329,7,24.281519
1.212469,7,24.288518
1.363222,7,24.296522
1.210077,7,24.306516
1.279429,7,24.315516
1.166363,7,24.323517
1.086501,7,24.330517
1.268029,7,24.338519
1.162811,7,24.345517
0.069282,7,24.353523
1.247988,7,24.360523
1.105109,7,24.368029
1.310201,7,24.375032
0.93695,7,24.383029
1.046362,7,24.390029
1.035927,7,24.399032
1.451672,7,24.407031
1.205446,7,24.415032
1.126433,7,24.422031
1.26027,7,24.430029
1.284976,7,24.438031
0.692021,7,24.446029
0.948178,7,24.453035
1.276423,7,24.460034
1.256878,7,24.467543
1.024381,7,24.475545
-0.845542,7,24.482543
1.403774,7,24.490543
1.208122,7,24.497545
1.183083,7,24.506544
0.903404,7,24.513545
1.361291,7,24.521544
1.259463,7,24.528545
1.132601,7,24.536547
1.002473,7,24.543543
1.103338,7,24.551552
0.740278,7,24.559549
1.257487,7,24.569265
1.326782,7,24.577266
1.06877,7,24.584264
1.029128,7,24.592266
0.892177,7,24.601264
1.21078,7,24.609269
0.994515,7,24.616266
1.331453,7,24.624266
1.17515,7,24.632264
1.251574,7,24.639264
1.117717,7,24.646266
1.060505,7,24.654274
0.695043,7,24.661775
1.259328,7,24.670781
1.138894,7,30.865852
1.202536,7,30.881861
0.998518,7,30.898866
1.363344,7,30.914859
1.033877,7,30.929862
0.962544,7,30.943862
1.151426,7,30.961866
0.538606,7,30.97738
0.735619,7,30.991383
1.246503,7,31.009382
1.078682,7,31.024382
-0.353685,7,31.03838
0.939527,7,31.05339
1.319777,7,31.066901
1.347348,7,31.079904
0.426705,7,31.093904
1.001369,7,31.106906
1.00677,7,31.120905
1.280605,7,31.134902
0.913245,7,31.150904
1.273732,7,31.167429
1.165659,7,31.183431
1.118079,7,31.201429
1.241185,7,31.217427
1.078406,7,31.234429
0.738966,7,31.249431
1.322508,7,31.264439
1.43708,7,31.281957
1.328007,7,31.297957
1.305016,7,31.315967
0.201877,7,31.337954
1.029562,7,31.355961
1.044041,7,31.372471
0.642265,7,31.392474
0.856516,7,31.415473
1.331772,7,31.436473
0.837999,7,31.455479
0.844858,7,31.476997
1.07007,7,31.497999
1.060554,7,31.518996
0.222533,7,31.537003
0.600892,7,31.555024
0.861875,7,31.581542
-1.34885,7,31.604541
0.750483,7,31.620551
1.367725,7,31.636542
1.05847,7,31.649541
1.106298,7,31.664544
1.121885,7,31.681061
0.679616,7,31.69706
0.894275,7,31.71306
1.164045,7,31.728059
0.976654,7,31.746058
1.244143,7,31.760068
0.831449,7,31.774579
1.213606,7,31.790581
1.025448,7,31.80458
0.617345,7,31.822251
1.157659,7,31.841251
1.096717,7,31.856255
0.947063,7,31.870765
0.148084,7,31.886766
1.209212,7,31.904766
0.108238,7,31.920768
1.024695,7,31.937768
0.501075,7,31.951774
1.289546,7,31.966284
1.326637,7,31.986295
0.841602,7,32.00329
0.507007,7,32.019291
1.239975,7,32.035293
0.927874,7,32.049294
1.263313,7,32.065295
1.07653,7,32.077803
1.17585,7,32.091803
1.144968,7,32.105802
1.227564,7,32.118805
0.993613,7,32.134804
1.220914,7,32.149805
0.928822,7,32.164809
1.381711,7,32.179323
0.123142,7,32.194323
-0.846103,7,32.210323
1.362481,7,32.224323
1.030969,7,32.238327
1.231493,7,32.254328
0.097173,7,32.267842
1.179593,7,32.280842
0.881598,7,32.291843
0.983416,7,32.305842
1.207689,7,32.319843
0.974471,7,32.334842
1.42069,7,32.347843
1.018482,7,32.364847
1.143911,7,32.377376
0.241548,7,32.39136
1.235639,7,32.406364
0.784269,7,32.42036
1.331591,7,32.433358
-0.383331,7,32.447362
0.657232,7,32.463369
0.930621,7,32.475888
1.287766,7,32.491887
1.20239,7,32.503885
1.124768,7,32.519887
1.001705,7,32.53389
0.867163,7,32.548888
0.975349,7,32.560891
1.214146,7,32.574411
1.027426,7,32.590412
0.525298,7,32.606412
1.261358,7,32.619411
1.471636,7,32.633412
1.155198,7,32.649411
0.321681,7,32.666929
1.262946,7,32.681935
0.627693,7,32.696937
1.128276,7,32.712935
0.810181,7,32.727938
1.023474,7,32.74394
0.957551,7,32.762948
0.632605,7,32.779458
0.840622,7,32.79546
1.070723,7,32.816458
1.085714,7,32.836463
0.831091,7,32.857472
1.044709,7,32.880985
1.23253,7,32.901981
1.099868,7,32.925981
1.110443,7,32.949982
0.91652,7,32.970504
1.335435,7,32.992506
1.012302,7,33.01051
1.083894,7,33.024504
1.221953,7,33.03751
1.15477,7,33.052516
1.052937,7,33.070032
-1.473455,7,33.083033
1.00245,7,33.099032
1.416943,7,33.114035
1.133972,7,33.130035
0.969603,7,33.147032
0.751631,7,33.16104
1.050717,7,33.178235
-132.604389,7,33.191235
0.776694,7,33.205234
0.813604,7,33.217234
1.457177,7,33.230239
1.00301,7,33.241238
1.365561,7,33.251234
1.187207,7,33.262241
1.198355,7,33.272756
1.36468,7,33.283761
1.210639,7,33.293754
1.401749,7,33.304754
1.142597,7,33.315758
0.568696,7,33.327757
0.661988,7,33.337755
1.230226,7,33.347756
1.257985,7,33.35876
1.025109,7,33.369274
0.409316,7,33.379276
1.260147,7,33.390274
0.656971,7,33.399277
0.968292,7,33.410275
1.205487,7,33.421276
0.967013,7,33.432274
0.909757,7,33.446973
1.007942,7,33.462979
1.304063,7,33.482022
1.182056,7,33.501019
1.130226,7,33.518021
1.042217,7,33.535021
1.21488,7,33.551023
1.140935,7,33.567531
1.187177,7,33.583541
0.553277,7,33.599537
1.163219,7,33.614536
0.952484,7,33.629537
1.375507,7,33.640537
0.726661,7,33.652547
1.321371,7,33.663548
0.327282,7,33.675059
0.349321,7,33.686061
0.790783,7,33.696062
0.956015,7,33.707062
1.201674,7,33.718062
0.909881,7,33.731062
0.787403,7,33.741063
0.751647,7,33.752059
1.096612,7,33.763074
0.153433,7,33.772578
0.66717,7,33.785583
0.988445,7,33.79658
1.376435,7,33.808581
0.813713,7,33.819582
1.134744,7,33.829577
1.31859,7,33.84058
1.384932,7,33.850578
0.958798,7,33.861587
1.182174,7,33.873106
0.885531,7,33.884109
1.022008,7,33.896103
1.48663,7,33.910106
1.057157,7,33.922107
1.006339,7,33.936107
0.926478,7,33.947105
0.698675,7,33.961111
0.648946,7,33.973618
1.329936,7,33.98662
1.214472,7,33.99862
1.31809,7,34.010619
1.081432,7,34.023623
0.777184,7,34.03762
1.316295,7,34.053627
1.283134,7,34.074142
1.374378,7,34.12814
1.012109,7,34.209668
1.383852,7,34.259676
0.934975,7,34.330211
0.796207,7,34.396743
0.159224,7,34.461759
0.391269,7,34.482278
1.129785,7,34.519304
0.626146,7,34.538281
1.29303,7,34.555292
-1.086294,7,34.570441
1.078833,7,34.58244
1.327405,7,34.59444
1.212813,7,34.608438
0.493578,7,34.62244
0.797609,7,34.63744
1.310592,7,34.651442
1.165536,7,34.662445
1.179432,7,34.674964
1.079442,7,34.6886
1.05092,7,34.702602
-0.471106,7,34.714602
1.223606,7,34.728603
0.922455,7,34.737603
0.996083,7,34.748602
0.844545,7,34.758609
-25.763702,7,34.769119
1.386437,7,34.779124
1.07416,7,34.792118
1.199193,7,34.802123
0.801903,7,34.81212
1.027376,7,34.822121
0.860352,7,34.83212
1.053483,7,34.842122
1.21238,7,34.853126
0.940622,7,34.862126
1.159338,7,34.873642
0.977216,7,34.883641
1.320518,7,34.893641
0.872809,7,34.904641
1.175903,7,34.91564
1.10766,7,34.925641
1.132963,7,35.006776
1.057862,7,35.023779
1.349681,7,35.038776
0.705791,7,35.055784
1.299783,7,35.072295
1.154298,7,35.089299
1.135698,7,35.105306
1.066376,7,35.117297
1.185626,7,35.127299
1.027609,7,35.138295
1.102716,7,35.152299
1.289694,7,35.165305
1.118357,7,35.176813
0.599599,7,35.18881
0.220612,7,35.200811
1.244174,7,35.216814
0.013607,7,35.229815
0.985334,7,35.243815
1.128506,7,35.262826
0.8399,7,35.280333
1.092366,7,35.293333
0.805318,7,35.307333
1.134276,7,35.321335
0.978859,7,35.333334
0.501486,7,35.342335
0.713079,7,35.353347
0.64852,7,35.362345
1.193611,7,35.374859
0.561074,7,35.383861
1.120124,7,35.394863
0.14237,7,35.405861
1.085005,7,35.41786
0.762992,7,35.429864
1.01123,7,35.43886
0.988232,7,41.694614
0.572717,7,41.706614
1.412932,7,41.719614
0.556484,7,41.732614
0.556623,7,41.744616
0.379371,7,41.755614
1.300992,7,41.769619
1.141249,7,41.781132
1.04315,7,41.794134
0.905393,7,41.807131
1.121707,7,41.818131
1.213967,7,41.831136
1.366114,7,41.844756
0.946645,7,41.856761
1.136424,7,41.86977
1.313226,7,41.880277
0.694449,7,41.893277
1.253135,7,41.905279
0.55925,7,41.916276
1.095745,7,41.930279
0.983755,7,41.944275
0.930975,7,41.957281
0.963016,7,41.970283
1.24406,7,41.983794
1.135833,7,41.995794
0.828228,7,42.005793
1.337788,7,42.018795
-0.199734,7,42.030793
0.904801,7,42.042797
1.278547,7,42.054792
1.058344,7,42.067803
1.077208,7,42.085098
0.974634,7,42.102737
1.216467,7,42.121738
1.294316,7,42.137735
1.082131,7,42.156737
1.428389,7,42.177256
0.660421,7,42.197259
0.892942,7,42.211257
1.250877,7,42.225261
1.060849,7,42.237259
1.287342,7,42.248254
1.15281,7,42.261262
1.436073,7,42.27478
1.422364,7,42.288781
0.923964,7,42.300783
0.867575,7,42.313781
1.32119,7,42.329783
-0.780015,7,42.344782
1.086584,7,42.360789
1.225435,7,42.377848
0.895011,7,42.394846
1.138044,7,42.407846
0.858707,7,42.421847
0.670309,7,42.436846
0.876121,7,42.453848
1.144311,7,42.470854
1.016206,7,42.48737
1.208141,7,42.503366
1.181649,7,42.517369
0.942409,7,42.531368
1.187838,7,42.544369
0.566949,7,42.555366
1.408118,7,42.57291
1.249306,7,42.587914
1.014368,7,42.601911
0.956778,7,42.614912
0.94022,7,42.627911
1.115477,7,42.639919
1.434118,7,42.653911
0.827864,7,42.667918
1.188276,7,42.680434
1.187328,7,42.693434
0.836226,7,42.708114
1.164727,7,42.723117
0.84793,7,42.739114
1.038329,7,42.753118
1.175849,7,42.769127
1.194961,7,42.782643
1.113103,7,42.798645
1.13594,7,42.813643
0.932212,7,42.825641
1.288948,7,42.839642
0.664635,7,42.851641
0.658914,7,42.865648
1.330128,7,42.879163
1.035019,7,42.893159
0.596598,7,42.903167
0.59415,7,42.916162
1.212749,7,42.930161
1.273926,7,42.945171
0.555574,7,42.95716
0.787074,7,42.971167
0.671336,7,42.984685
1.011759,7,42.996682
0.794891,7,43.006685
1.034789,7,43.018683
1.049693,7,43.031682
1.329056,7,43.043686
1.386982,7,43.054681
0.809182,7,43.06669
0.821945,7,43.076206
1.156619,7,43.088205
1.260892,7,43.101205
0.909463,7,43.112206
0.787389,7,43.125832
1.290201,7,43.135832
1.271611,7,43.148832
0.595161,7,43.159837
1.144322,7,43.172339
0.992323,7,43.185343
1.067859,7,43.198343
0.987561,7,43.210346
1.243158,7,43.220343
1.228849,7,43.232345
1.264086,7,43.243347
1.236231,7,43.254344
1.403114,7,43.267359
0.234943,7,43.276874
1.30575,7,43.288873
1.411856,7,43.300874
1.157791,7,43.314878
1.025256,7,43.327877
0.327417,7,43.340887
1.43938,7,43.353875
0.629797,7,43.365879
0.97055,7,43.379398
1.297222,7,43.393394
0.631907,7,43.406396
1.27498,7,43.418399
0.972678,7,43.430403
1.044606,7,43.445397
0.922021,7,43.455397
1.286354,7,43.467399
1.037761,7,43.477916
0.474722,7,43.490916
1.260635,7,43.503918
1.391475,7,43.515917
1.16458,7,43.527924
1.130194,7,43.541925
1.026464,7,43.553916
1.073655,7,43.567925
0.879387,7,43.585443
0.967676,7,43.599443
1.34557,7,43.613442
1.282849,7,43.628443
1.332484,7,43.643444
1.428443,7,43.657444
1.497081,7,43.671449
1.0145,7,43.684793
1.002817,7,43.699792
0.515339,7,43.714794
0.822199,7,43.730797
1.341197,7,43.744796
1.362498,7,43.759805
1.085848,7,43.774324
1.13402,7,43.788327
0.903131,7,43.803324
1.061259,7,43.817322
1.322785,7,43.831324
0.973545,7,43.844324
0.926094,7,43.857325
1.075725,7,43.872332
1.040744,7,43.891845
0.8012,7,43.905845
0.711066,7,43.920843
1.137256,7,43.934841
0.995559,7,43.948841
0.810729,7,43.964854
0.593339,7,43.980373
0.749598,7,43.995372
1.15799,7,44.009371
0.956339,7,44.022372
0.697867,7,44.036373
1.356285,7,44.04637
1.153986,7,44.059379
1.077734,7,44.072379
0.015458,7,44.084512
0.911202,7,44.09551
0.281647,7,44.108514
1.215643,7,44.120512
1.25391,7,44.134513
1.110269,7,44.144512
0.411544,7,44.156514
1.377314,7,44.171517
0.937039,7,44.186038
1.139533,7,44.20704
1.309979,7,44.232039
1.163355,7,44.253039
0.871346,7,44.273574
1.130666,7,44.294575
0.950576,7,44.315574
1.102709,7,44.337574
0.878499,7,44.356573
1.418997,7,44.374954
0.508768,7,44.393946
1.255278,7,44.412946
1.14745,7,44.431947
0.950556,7,44.44895
1.304098,7,44.467952
1.025658,7,44.483463
0.860129,7,44.502465
1.299463,7,44.52247
1.136494,7,44.541477
1.17996,7,44.558474
1.054539,7,44.57799
0.3614,7,44.594989
0.849016,7,44.611991
0.662983,7,44.625992
0.869437,7,44.641991
0.622333,7,44.656988
0.87367,7,44.673512
0.854905,7,44.688512
0.818235,7,44.702509
1.162928,7,44.717509
1.265417,7,44.730509
1.314912,7,44.740506
1.13062,7,44.751511
1.104651,7,44.761517
1.153663,7,44.773027
0.723705,7,44.783031
1.063927,7,44.796034
1.120712,7,44.810031
1.293245,7,44.825033
0.88325,7,44.840042
1.442631,7,44.855036
0.606088,7,44.87004
1.122086,7,44.885559
0.899313,7,44.899557
1.224253,7,44.914559
1.097718,7,44.930556
1.255339,7,44.944556
1.151697,7,44.954556
1.028468,7,44.969574
1.343419,7,44.983088
0.46669,7,44.999094
0.46915,7,45.012086
0.825989,7,45.027094
0.968567,7,45.04209
1.214916,7,45.053093
1.298852,7,45.068095
1.276233,7,45.082617
1.323518,7,45.097404
1.120537,7,45.110413
0.692132,7,45.121401
0.906622,7,45.132404
-3.323591,7,45.148403
1.104666,7,45.160412
1.111509,7,45.172924
0.709295,7,45.185931
0.970098,7,45.198931
1.207442,7,45.212931
0.340695,7,45.224933
1.006919,7,45.23494
1.197345,7,45.247932
1.235837,7,45.259939
1.186167,7,45.272938
0.78948,7,45.284456
1.042918,7,45.29745
1.386519,7,45.308448
1.369828,7,45.322448
1.129452,7,45.335449
0.955098,7,45.351446
0.742006,7,45.367465
1.339796,7,45.383971
0.622985,7,45.397968
1.296144,7,45.41097
0.890566,7,45.42397
1.44883,7,45.433968
1.115452,7,45.444971
1.359522,7,45.45497
1.285267,7,45.46798
0.976056,7,45.480497
1.334294,7,45.491493
1.007826,7,45.503491
1.003998,7,45.516492
1.08938,7,45.529491
1.031287,7,45.543494
1.401142,7,45.554497
1.104891,7,45.565501
1.340693,7,45.578014
1.23439,7,45.58766
0.906659,7,45.601661
0.640607,7,45.615658
1.19284,7,45.62866
-0.205398,7,45.64366
1.219822,7,45.660668
1.108449,7,45.674185
0.674539,7,45.688183
1.349968,7,45.701183
1.293425,7,45.714186
1.170016,7,45.728189
1.124724,7,45.744183
1.275825,7,51.325537
-2.858489,7,51.337533
1.245115,7,51.348531
1.074212,7,51.36053
0.94896,7,51.375539
1.191258,7,51.393056
1.321099,7,51.410053
1.02803,7,51.429054
1.127175,7,51.444054
0.976655,7,51.460058
1.356618,7,51.473066
0.891945,7,51.487586
0.979662,7,51.501586
0.792212,7,51.513587
1.217049,7,51.524588
1.111992,7,51.535585
0.760107,7,51.545585
1.411799,7,51.555585
1.055835,7,51.566596
0.953608,7,51.577098
1.03596,7,51.587104
1.14242,7,51.598103
0.915581,7,51.609104
1.149173,7,51.621107
1.152338,7,51.631103
0.751848,7,51.643103
1.310737,7,51.653105
1.293918,7,51.664111
-0.08307,7,51.675105
1.278094,7,51.685628
1.105038,7,51.695627
1.241638,7,51.705628
1.161548,7,51.714626
0.977064,7,51.726627
1.135799,7,51.737629
1.201431,7,51.74963
1.415611,7,51.76364
1.227385,7,51.778152
1.250202,7,51.792152
1.256185,7,51.805152
0.829564,7,51.81815
1.036528,7,51.828153
1.375075,7,51.841152
1.051261,7,51.852152
0.997356,7,51.86616
1.234992,7,51.879669
-0.504366,7,51.890673
0.841732,7,51.903672
1.170872,7,51.914672
1.333481,7,51.92767
0.794911,7,51.944671
1.158588,7,51.95967
1.062509,7,51.973679
1.053008,7,51.987192
1.353377,7,52.001194
1.021226,7,52.014194
1.245362,7,52.025196
-2.223321,7,52.035193
1.110365,7,52.047192
1.429444,7,52.056194
1.500469,7,52.063196
1.207573,7,52.070195
1.41211,7,52.077704
1.028749,7,52.084703
1.282212,7,52.091702
1.275946,7,52.099702
1.29748,7,52.108705
0.472084,7,52.117703
1.115976,7,52.125706
1.318329,7,52.132707
0.669567,7,52.139702
1.063764,7,52.146703
1.154501,7,52.154706
1.357101,7,52.161706
0.681386,7,52.170711
1.155598,7,52.180218
1.313446,7,52.187217
1.146557,7,52.194217
1.238386,7,52.203218
1.302174,7,52.21122
0.959584,7,52.221218
0.559233,7,52.230223
1.314569,7,52.237222
1.294115,7,52.24522
0.965494,7,52.251848
1.041226,7,52.258851
1.212327,7,52.267853
1.287227,7,52.276858
0.865282,7,52.283381
1.280899,7,52.291382
1.278435,7,52.300381
1.26204,7,52.310381
1.384206,7,52.317381
1.03261,7,52.324385
0.271438,7,52.331384
1.124126,7,52.338384
1.120189,7,52.347382
1.232408,7,52.355382
1.157816,7,52.364387
1.274559,7,52.375389
1.382225,7,52.387907
1.097981,7,52.397905
1.127991,7,52.409906
0.267308,7,52.421903
1.296616,7,52.430903
-0.187078,7,52.440905
1.502411,7,52.447906
1.14583,7,52.454906
1.221232,7,52.461905
1.280293,7,52.472913
1.171532,7,52.486428
1.2498,7,52.498426
1.169141,7,52.511428
1.157131,7,52.528429
1.017685,7,52.542425
1.146217,7,52.555426
-0.172648,7,52.574433
1.337766,7,52.589948
1.194443,7,52.606949
0.70927,7,52.620991
1.231548,7,52.632947
0.972447,7,52.643949
1.140523,7,52.654954
0.977406,7,52.666959
0.352098,7,52.676963
1.046174,7,52.688289
1.027462,7,52.699292
0.806235,7,52.709288
1.265519,7,52.718292
1.069471,7,52.725289
1.358024,7,52.733289
1.308644,7,52.740291
1.276561,7,52.74729
1.01972,7,52.754289
0.805553,7,52.76129
1.210525,7,52.768295
1.104899,7,52.775295
0.661562,7,52.783804
0.96476,7,52.792804
0.791221,7,52.800807
0.942869,7,52.807807
1.272567,7,52.816832
1.568169,7,52.825807
1.358163,7,52.835804
1.115406,7,52.844805
1.127353,7,52.854805
1.275275,7,52.862809
1.32191,7,52.86981
1.182475,7,52.876813
0.138852,7,52.883327
1.401104,7,52.890326
0.132088,7,52.897328
1.172869,7,52.904325
0.802508,7,52.913326
1.406232,7,52.923327
0.267505,7,52.932326
-0.950845,7,52.941326
1.053494,7,52.950325
1.204963,7,52.960325
0.725536,7,52.969329
0.999288,7,52.976835
1.295466,7,52.98384
1.359004,7,52.990839
1.351711,7,52.997839
1.255701,7,53.004838
0.96682,7,53.011838
1.480997,7,53.018842
1.190551,7,53.025841
1.241717,7,53.031841
1.152973,7,53.04184
1.181792,7,53.051839
0.624623,7,53.060839
1.015084,7,53.069844
1.069333,7,53.079354
0.937832,7,53.088356
1.039571,7,53.097355
1.164347,7,53.104355
1.247539,7,53.112355
1.213183,7,53.119351
1.426864,7,53.125352
0.888183,7,53.134355
0.932123,7,53.144353
0.592109,7,53.153355
1.227226,7,53.163359
1.104038,7,53.171357
1.216664,7,53.178868
1.261338,7,53.185868
0.719239,7,53.192867
1.290008,7,53.201874
0.956734,7,53.21187
0.218979,7,53.221869
1.133716,7,53.230868
1.218254,7,53.240867
0.936941,7,53.247865
0.785711,7,53.254865
1.179342,7,53.261867
1.113648,7,53.268879
1.152436,7,53.277384
0.141612,7,53.28539
1.194573,7,53.30039
0.669816,7,53.31039
0.673777,7,53.31739
1.277968,7,53.325388
0.912392,7,53.332388
1.36485,7,53.34039
0.979443,7,53.350397
1.274564,7,53.35939
1.052122,7,53.369411
0.67446,7,53.378923
1.010618,7,53.389924
0.951054,7,53.398923
1.17633,7,53.408924
1.2266,7,53.418924
1.024539,7,53.427923
0.730422,7,53.434923
0.85905,7,53.441924
1.222666,7,53.448922
1.01984,7,53.456926
1.270719,7,53.463941
-0.179518,7,53.473941
1.154479,7,53.481451
1.226967,7,53.488451
1.027555,7,53.49545
1.171775,7,53.502451
1.32265,7,53.509451
1.410094,7,53.516455
0.86612,7,53.523454
0.745717,7,53.530453
1.194044,7,53.537479
1.487959,7,53.546455
1.135703,7,53.555456
1.185728,7,53.563453
1.469197,7,53.570454
0.940668,7,53.577972
1.26232,7,53.584972
1.03774,7,53.59197
1.245534,7,53.601969
1.069047,7,53.610969
0.995761,7,53.619969
0.781349,7,53.62997
1.02555,7,53.63897
1.192136,7,53.648972
1.166228,7,53.657967
1.012522,7,53.66497
1.104302,7,53.671973
1.031242,7,53.68151
0.636516,7,53.689497
1.185301,7,53.696504
1.121194,7,53.704494
1.051541,7,53.711497
1.057219,7,53.718495
-3.045116,7,53.728494
1.031072,7,53.737495
1.090799,7,53.746494
0.788,7,53.757135
1.147201,7,53.769143
1.24292,7,53.781649
1.328132,7,53.79465
1.223152,7,53.806651
1.100132,7,53.818651
0.725772,7,53.831651
1.187979,7,53.841653
1.027715,7,53.85465
0.998689,7,53.868658
0.993525,7,53.883171
1.16105,7,53.897171
1.301224,7,53.909169
1.183221,7,53.92017
0.863439,7,53.931171
0.833555,7,53.94317
1.130795,7,53.954173
0.856717,7,53.964177
1.110641,7,53.975178
0.752541,7,53.986689
1.17391,7,53.99669
0.199119,7,54.00569
1.169829,7,54.016689
0.620226,7,54.028689
1.032444,7,54.04069
1.121499,7,54.054688
0.618646,7,54.067697
1.15126,7,54.081209
0.541479,7,54.095208
1.315447,7,54.11021
1.363481,7,54.125208
1.13916,7,54.14121
0.304816,7,54.155208
1.433207,7,54.170216
1.062585,7,54.185732
0.958623,7,54.203731
1.10715,7,54.218731
1.057778,7,54.23473
0.688582,7,54.24773
