pop_size,n_gen,cxpb,mutpb,overall_score,critical_score,num_foods,exec_time
93,78,0.7366869579732327,0.6118764001091077,55.0,40.0,8,50.12296390533447
75,88,0.7891665505707182,0.33998996632720113,75.0,80.0,7,32.53436732292175
65,73,0.7667417222278043,0.35714672716877627,55.0,40.0,8,21.940435886383057
57,71,0.71128231580542,0.5887995089067299,50.0,40.0,8,9.883304357528687
84,87,0.7001557531682028,0.696884623716487,62.5,46.666666666666664,8,76.2548987865448
87,61,0.8223306320976562,0.30282652208788696,70.0,66.66666666666667,8,23.79373049736023
79,98,0.8049549320516778,0.45994438868610216,67.5,60.0,8,39.65996766090393
82,65,0.7465542680860608,0.3362425738131283,67.5,46.666666666666664,7,34.726606130599976
57,86,0.8215089703802877,0.3682096494749166,50.0,40.0,8,8.732530355453491
93,67,0.8897771074506666,0.6862528132298237,67.5,60.0,8,40.176979541778564
63,75,0.7195344228012768,0.5736932106048627,42.5,20.0,8,28.815367460250854
61,93,0.799035382022254,0.31375540844608735,55.0,40.0,7,26.43166947364807
68,66,0.7517559963200033,0.5650089137415928,57.5,46.666666666666664,8,19.225073099136353
56,55,0.7415883325736378,0.5270801311279966,55.0,40.0,8,34.61939716339111
83,67,0.8550265646722229,0.6757995766256756,77.5,73.33333333333333,8,73.09553337097168
90,63,0.8454543991712842,0.43061630752233415,60.0,40.0,8,17.629165172576904
68,72,0.8041668520051647,0.6844688097397396,77.5,73.33333333333333,8,31.85785484313965
75,65,0.8494640220274762,0.5158768529556319,70.0,66.66666666666667,8,20.677998304367065
78,75,0.8930510614528276,0.5428136990746738,55.0,40.0,8,16.33318328857422
83,64,0.7330533878126004,0.30625456269647755,62.5,60.0,7,15.652369499206543
63,73,0.7789763036351139,0.4173952698872152,85.0,93.33333333333333,8,25.65126395225525
65,66,0.84226839054973,0.6160702162124823,62.5,46.666666666666664,8,35.59416747093201
59,91,0.7716931457088545,0.34634762381005185,65.0,40.0,8,20.05908441543579
61,58,0.8246596253655116,0.43235920994105964,72.5,60.0,8,29.063196182250977
77,73,0.8331844713234993,0.5365191150830908,67.5,46.666666666666664,7,53.658918380737305
76,76,0.8122486851695402,0.4531707499015159,52.5,20.0,7,62.85397386550903
68,52,0.8521570097233795,0.5245108790277985,65.0,40.0,7,32.75144982337952
68,88,0.7080867179076862,0.5842651558743149,67.5,60.0,8,54.909958600997925
80,91,0.787867300373154,0.38068768093415845,60.0,40.0,8,23.920603036880493
86,88,0.7950740446364224,0.5253102287905534,60.0,40.0,8,42.44803714752197
58,79,0.727866290881175,0.5417669517111269,67.5,73.33333333333333,7,44.021018743515015
69,92,0.7406122449469539,0.6771414282231923,65.0,40.0,8,53.811333894729614
61,71,0.8760935678030516,0.5497416192535173,60.0,66.66666666666667,8,21.652750253677368
60,77,0.8607344153798229,0.3746280235544143,55.0,40.0,8,32.69939994812012
84,60,0.7648690042010547,0.3488351818802693,72.5,73.33333333333333,8,71.50994896888733
79,88,0.8813656883091509,0.4088528997538541,80.0,93.33333333333333,8,66.822998046875
81,62,0.8721461166512687,0.30278085221247625,75.0,66.66666666666667,8,30.598276615142822
62,76,0.7834822006297558,0.3888431241882921,65.0,66.66666666666667,7,31.009514331817627
78,64,0.7336582084345861,0.38750568782922806,60.0,40.0,7,30.16531229019165
78,90,0.7807672342116081,0.32595689884359264,62.5,46.666666666666664,8,24.068241357803345
66,88,0.7994497011784771,0.4203513239267078,47.5,20.0,8,11.90505599975586
71,98,0.8953229911665306,0.4644148053272925,77.5,73.33333333333333,7,37.095584869384766
77,86,0.7690142496053366,0.5537405378805456,80.0,93.33333333333333,8,62.871970653533936
56,93,0.7895566329146183,0.5211572356285311,42.5,20.0,7,9.439200639724731
58,60,0.7739308912122809,0.39686397531097034,62.5,46.666666666666664,8,36.487236976623535
92,73,0.7940601268892077,0.6933692563579371,75.0,66.66666666666667,8,49.086036682128906
76,60,0.8632863746438768,0.6193380499938204,55.0,40.0,8,42.331594944000244
63,55,0.8391625613581764,0.6433435219254879,60.0,40.0,8,43.990103006362915
90,68,0.8422299064876035,0.6238004184558861,67.5,60.0,8,55.39691352844238
74,81,0.7192353102182841,0.6762093057958416,67.5,60.0,8,18.94187307357788
94,88,0.8873459977473469,0.35500837765839727,62.5,46.666666666666664,7,28.734183073043823
82,74,0.7418143241475427,0.5165791895310263,72.5,73.33333333333333,8,43.23077940940857
89,56,0.8319968092068358,0.6268888800804864,60.0,40.0,7,34.48112082481384
56,50,0.7186205535611798,0.6588863031813307,62.5,60.0,8,33.49345898628235
91,81,0.8266202914546537,0.43561191641948027,62.5,46.666666666666664,7,52.28850030899048
89,68,0.8451911357740479,0.6588441039810308,67.5,46.666666666666664,7,53.4546422958374
78,82,0.8284063292308576,0.3336559859980195,60.0,40.0,8,31.508389472961426
62,85,0.8797108377054159,0.542571623863836,47.5,20.0,8,14.414126634597778
89,97,0.7202943085732064,0.5654007076432224,55.0,40.0,7,32.373170137405396
83,67,0.7321616102834997,0.5194935157466344,65.0,66.66666666666667,8,14.546719789505005
89,65,0.8988914925221642,0.37037010107093815,67.5,46.666666666666664,7,61.13958954811096
58,82,0.798778743036687,0.3715290836885315,67.5,60.0,8,12.84626817703247
62,56,0.8441879848504259,0.4232243167409557,52.5,20.0,8,9.265320062637329
66,71,0.7530404735363451,0.3975958573516334,55.0,40.0,8,17.794828414916992
92,87,0.7786195449333521,0.6568186220708453,67.5,60.0,8,26.015889167785645
81,76,0.8589622607083297,0.5010548372420768,77.5,86.66666666666667,8,47.31919050216675
82,96,0.7985035387637728,0.3780971951192178,62.5,60.0,8,31.417012214660645
73,53,0.7048631932862908,0.5581889183628671,55.0,40.0,8,36.71739196777344
71,93,0.8880917168705829,0.6815714308010349,70.0,66.66666666666667,7,51.329246282577515
60,84,0.8495437547794829,0.6812287388095812,62.5,46.666666666666664,6,33.7799916267395
83,98,0.810552993367098,0.5289169876683353,60.0,40.0,8,23.65700340270996
87,70,0.7381822062300691,0.4073899427560627,80.0,93.33333333333333,8,49.93183255195618
57,67,0.81136025249167,0.6744619096643123,72.5,73.33333333333333,8,30.100518465042114
57,89,0.7140832261699087,0.3835674870461441,50.0,40.0,8,17.68599271774292
76,72,0.7280168030473048,0.5073318609454947,57.5,46.666666666666664,8,39.42020082473755
56,75,0.848153723550841,0.5788062963981071,47.5,20.0,8,35.808844804763794
93,78,0.7593020287295597,0.46791234257851055,65.0,40.0,8,17.13426113128662
79,73,0.8826481105112942,0.504536959544375,75.0,66.66666666666667,8,28.777929067611694
90,94,0.7388547907024084,0.32837636679997106,65.0,66.66666666666667,7,30.317291975021362
70,63,0.8780010683635133,0.4351980627406143,52.5,20.0,8,25.65768003463745
82,83,0.7187963879681738,0.5313120563984696,50.0,40.0,7,18.673094511032104
76,74,0.7310083233455488,0.6927363553242124,67.5,60.0,7,62.14462971687317
76,71,0.7500502721031728,0.31553389377176927,60.0,40.0,7,33.60412096977234
69,92,0.7254121025303769,0.5088973040219217,55.0,40.0,8,38.40090322494507
59,88,0.7170694929987536,0.32067268846744307,70.0,66.66666666666667,6,22.459326028823853
84,96,0.8399024421534388,0.3553412369671205,67.5,60.0,8,37.6368088722229
70,62,0.8939073734228318,0.5858380416719808,60.0,40.0,8,13.960914850234985
73,66,0.7797641802889589,0.47340829503229676,57.5,46.666666666666664,5,28.364601135253906
80,86,0.736866734866274,0.33234918664687907,62.5,46.666666666666664,7,31.874361991882324
63,61,0.781790588882854,0.3693177280283383,65.0,93.33333333333333,7,16.603926181793213
55,96,0.750048579632919,0.5196906658824482,70.0,66.66666666666667,7,27.331507205963135
79,89,0.886922799467942,0.5553082375373402,62.5,46.666666666666664,7,43.341891050338745
93,54,0.8223441492468705,0.46784002497111593,42.5,20.0,7,18.66764545440674
66,75,0.7711945357302523,0.6031384441857477,75.0,66.66666666666667,8,37.333563804626465
83,63,0.7183598131626884,0.33766279530742405,72.5,86.66666666666667,7,42.070987939834595
84,95,0.8959021057243017,0.37013210795573537,77.5,86.66666666666667,7,46.73864269256592
70,75,0.8526728846007822,0.6227651908203118,57.5,20.0,7,46.95044565200806
90,82,0.7929347625879223,0.5599094730571053,60.0,40.0,8,41.48756122589111
64,54,0.8773360774596095,0.40435744933668555,57.5,20.0,8,9.490326881408691
64,68,0.8006272517160176,0.6425959364753289,62.5,46.666666666666664,8,26.770551443099976
59,94,0.7325868854162859,0.32822749896017195,62.5,60.0,7,20.764198064804077
56,98,0.8734397867110008,0.5545614389784045,60.0,40.0,8,33.819584369659424
74,73,0.8354336684765964,0.5293468166687733,62.5,46.666666666666664,7,37.979971170425415
87,82,0.8622408353472006,0.628255790297582,72.5,60.0,7,50.31959080696106
66,52,0.8640853687542536,0.5605939087431151,75.0,66.66666666666667,8,39.70673155784607
83,62,0.7429178239416748,0.4509036332911903,52.5,20.0,8,22.41416907310486
89,72,0.7142377296920458,0.4275902521175045,60.0,40.0,8,13.028530359268188
80,59,0.7046543871471651,0.6257873930355743,67.5,73.33333333333333,8,50.09592938423157
61,53,0.8385780717383879,0.4393346417812789,47.5,20.0,7,22.34360694885254
65,78,0.7078372653351293,0.4671784126862315,55.0,40.0,7,31.280674934387207
90,59,0.7846941884616236,0.5274081134999833,55.0,40.0,8,61.477468967437744
89,98,0.846329551059928,0.35107589176898624,47.5,20.0,8,29.433295488357544
93,81,0.7681607080506035,0.6723029302414258,52.5,20.0,7,52.732247829437256
91,61,0.7857988054750037,0.6003484271165989,75.0,80.0,8,33.72735404968262
79,84,0.7206247737671865,0.6610211626718266,55.0,40.0,8,18.5534987449646
74,97,0.7779236172438406,0.41905406980372434,77.5,73.33333333333333,8,20.472190380096436
73,98,0.7106970593494737,0.6834165987532793,52.5,20.0,7,31.68451428413391
73,61,0.7709810380925441,0.6827203540505825,47.5,20.0,7,34.29481220245361
85,68,0.798605131554361,0.33331376447810385,75.0,93.33333333333333,7,30.364593029022217
59,84,0.8204881851802238,0.5214812209383203,62.5,46.666666666666664,7,15.830601453781128
75,85,0.889238908576338,0.612518420188481,52.5,20.0,7,51.19552206993103
93,94,0.8861858211374585,0.6896992834137641,52.5,20.0,8,27.18923306465149
68,80,0.7111742309354699,0.5948142227164035,62.5,60.0,6,42.38010382652283
83,92,0.841166296775739,0.687460777589654,67.5,46.666666666666664,7,43.65153193473816
63,59,0.8673927748474748,0.6467474821243365,52.5,20.0,8,39.37346172332764
92,56,0.7852182950093882,0.3890305670284122,57.5,46.666666666666664,8,28.121402263641357
63,99,0.8783793817553553,0.35864192867681016,57.5,20.0,8,33.688403844833374
83,86,0.7466456144849055,0.5325221668907129,60.0,40.0,7,36.69635844230652
55,71,0.8625599134515005,0.6788994309535434,55.0,40.0,8,14.939291954040527
79,94,0.8506756370517883,0.4505038342123663,60.0,40.0,8,14.488743782043457
85,68,0.8554293831854873,0.523361699894322,65.0,40.0,8,29.82942223548889
81,59,0.8812708770189472,0.34447899292246054,62.5,73.33333333333333,8,40.13734459877014
57,94,0.7022707289534837,0.4874642567976505,47.5,20.0,8,17.842665910720825
74,77,0.8534389706217144,0.6291161407506772,60.0,40.0,7,65.46895098686218
93,50,0.8362078854193817,0.39500258851698794,60.0,40.0,6,40.485212326049805
79,82,0.7447191677038905,0.6852890157762445,65.0,66.66666666666667,8,26.732226610183716
86,94,0.7086319823901152,0.6564572454792283,72.5,73.33333333333333,8,37.926076889038086
75,60,0.883823143055732,0.40119606719569645,70.0,66.66666666666667,7,39.62984275817871
73,69,0.7150869094179538,0.36648617276370116,52.5,20.0,8,21.39045286178589
68,64,0.7909082129535546,0.5510232320336254,62.5,46.666666666666664,8,11.133857727050781
57,65,0.8474201411686039,0.6661017366676425,70.0,66.66666666666667,8,41.78402924537659
64,81,0.7115727795515414,0.4578087194432519,55.0,40.0,8,15.617825984954834
78,77,0.7671320129593926,0.3678719615582262,50.0,40.0,7,14.703760147094727
90,75,0.7776536767979744,0.3917578982819798,67.5,60.0,8,44.095874547958374
82,77,0.7720690190410536,0.40397994514170504,60.0,40.0,8,14.620457172393799
81,66,0.7559527014337891,0.46448268834887446,67.5,73.33333333333333,7,26.422697067260742
67,77,0.754191528503026,0.35327405008949986,52.5,20.0,8,31.46626091003418
89,55,0.8899599826583848,0.590287803355344,75.0,66.66666666666667,8,58.94985222816467
79,51,0.7165496840070612,0.6506645943703171,80.0,93.33333333333333,8,40.22876000404358
59,82,0.8555204567470451,0.49214803274654184,52.5,20.0,8,15.462079763412476
65,70,0.8499156599952145,0.4571957795915436,67.5,73.33333333333333,8,31.444007635116577
81,98,0.8676657409422276,0.48747726391798807,57.5,20.0,8,26.951509714126587
89,50,0.7027343929653994,0.3301436241409849,45.0,40.0,8,10.960973262786865
82,66,0.8068692550058926,0.5999642997879887,70.0,66.66666666666667,8,39.412219762802124
57,72,0.8537974830361021,0.6779062919529711,75.0,66.66666666666667,8,43.101497173309326
64,68,0.7494696203486395,0.4802176541240374,62.5,60.0,8,34.83297920227051
55,94,0.821234926890176,0.39145712220138507,65.0,40.0,8,34.771217346191406
94,81,0.7093792935582439,0.40746899281012294,42.5,20.0,8,13.496522188186646
93,75,0.7996330373291786,0.4904842787156056,67.5,73.33333333333333,8,35.20152568817139
57,99,0.8704363000637081,0.5207627355097941,82.5,86.66666666666667,8,30.812235593795776
59,79,0.875330720531669,0.46139314648495877,75.0,66.66666666666667,7,32.96132135391235
77,64,0.8569336527888619,0.555744542789697,70.0,66.66666666666667,7,30.736512899398804
65,88,0.7272742951173539,0.30581786626715274,60.0,40.0,8,18.346619844436646
92,99,0.8179835373709266,0.4568976180398929,52.5,20.0,7,61.972259521484375
81,83,0.7696510934046601,0.5055957956639243,82.5,86.66666666666667,7,78.6510534286499
78,64,0.779308556464254,0.5488346800911493,60.0,66.66666666666667,8,28.40032935142517
71,54,0.8592943551347755,0.48373872317846894,57.5,46.666666666666664,8,45.629626512527466
71,59,0.8537835482630796,0.32649439114074635,60.0,40.0,7,24.229156732559204
59,83,0.8241611368844183,0.43896536329016567,67.5,60.0,8,39.39837336540222
65,96,0.7257759443821298,0.35121833558310894,72.5,73.33333333333333,7,26.702155113220215
85,60,0.727765434529882,0.5563498979212858,47.5,20.0,8,49.44274640083313
94,53,0.7691334566647726,0.6587153639624047,62.5,46.666666666666664,7,51.7992308139801
57,76,0.8335115477042054,0.3689279484806519,62.5,46.666666666666664,8,25.474486589431763
73,70,0.7337870126144329,0.4114361356127834,62.5,86.66666666666667,8,27.50178861618042
76,70,0.8097430618414817,0.5137694014930092,75.0,66.66666666666667,8,31.088496446609497
66,75,0.8788434525791852,0.35149935931985754,67.5,60.0,8,29.947463989257812
80,94,0.7643165529360058,0.33691623449149843,72.5,60.0,7,30.970277070999146
76,96,0.8023314027094522,0.36279107308647746,70.0,66.66666666666667,7,36.12763977050781
71,75,0.8736602214071174,0.33380680307227273,62.5,46.666666666666664,8,9.643157482147217
89,64,0.8073181291974665,0.6696167036429732,55.0,40.0,8,16.746676921844482
68,75,0.8519910817875171,0.5125063015894136,75.0,66.66666666666667,7,40.5936918258667
56,94,0.7124682725022482,0.3590956367624907,72.5,73.33333333333333,8,32.68754243850708
61,52,0.8790413675374399,0.5046709768462664,60.0,40.0,6,33.95146870613098
72,87,0.8065234532910046,0.39698820145389185,52.5,20.0,7,29.12597966194153
79,86,0.7364567756951916,0.5255860368075345,57.5,46.666666666666664,7,48.3672981262207
71,88,0.7178408657424112,0.5141342256062094,80.0,93.33333333333333,8,37.72790193557739
79,66,0.768585372855652,0.4895879765722224,65.0,40.0,8,39.019651889801025
64,52,0.8297645680583152,0.4918328407017001,65.0,40.0,8,30.480101585388184
90,96,0.8473644950789826,0.5230969063801749,60.0,40.0,7,55.79888153076172
94,98,0.8128917085045282,0.4515090503805157,52.5,20.0,8,70.98584961891174
91,55,0.8799294794290025,0.5430220889174291,70.0,66.66666666666667,8,67.05225276947021
60,86,0.8867383647519749,0.3030137452536299,55.0,40.0,6,27.428770542144775
75,55,0.7730713639348115,0.49512392032349517,70.0,66.66666666666667,8,34.89094543457031
84,60,0.7175775249080287,0.6223459546964574,52.5,20.0,8,53.46359610557556
78,58,0.7160467491323284,0.5098045558281018,67.5,46.666666666666664,7,44.28828001022339
94,86,0.8964757233817213,0.3448155608672209,77.5,73.33333333333333,7,45.311071157455444
56,69,0.8938940866550737,0.6462028503575921,77.5,73.33333333333333,8,44.94878149032593
60,98,0.7981497558517568,0.5891584386487103,57.5,46.666666666666664,8,34.124703884124756
56,64,0.8070073464089821,0.49064779365056477,77.5,73.33333333333333,7,39.1849570274353
59,55,0.8935988133008469,0.5843809915346994,70.0,66.66666666666667,7,21.93379783630371
74,82,0.8472494367396977,0.5119360092724466,57.5,46.666666666666664,8,20.79478693008423
55,75,0.8535559002885678,0.33491607183587013,80.0,93.33333333333333,7,27.18486213684082
65,85,0.7641284384319028,0.5375532390231594,52.5,46.666666666666664,8,20.64422631263733
60,99,0.79085359444382,0.5194412471752612,60.0,40.0,8,20.765313625335693
64,93,0.7403460924660471,0.5738286191519333,70.0,66.66666666666667,7,25.082716703414917
74,50,0.7277649546884041,0.30108435976573183,60.0,40.0,7,39.211020708084106
63,60,0.7946332402103784,0.5424407524223354,60.0,40.0,8,42.704758405685425
89,79,0.7213398500226872,0.6402909840065818,75.0,66.66666666666667,8,57.47806906700134
68,60,0.8876680913642075,0.37249322646626404,65.0,40.0,8,28.741782903671265
89,50,0.8482241298580118,0.5297892452719647,70.0,66.66666666666667,8,31.747184991836548
83,57,0.8655881774354984,0.6002007699061254,50.0,40.0,8,21.24754309654236
84,84,0.7328531595861986,0.6258298880925528,60.0,66.66666666666667,8,41.933955907821655
68,75,0.8815732260925032,0.42647863291859783,47.5,20.0,8,16.952944040298462
79,67,0.8633198878943155,0.4756539634280873,57.5,46.666666666666664,7,29.11812400817871
68,81,0.7925359571339212,0.4205511496656568,77.5,86.66666666666667,8,32.487980365753174
77,64,0.8154972541812251,0.4421449807273583,67.5,46.666666666666664,8,53.695281744003296
56,63,0.7133238224781634,0.3916101563699185,70.0,66.66666666666667,8,18.57755708694458
93,55,0.887966424722695,0.5510832212285671,47.5,20.0,8,34.73922920227051
62,91,0.7278544145326774,0.6176100757081184,55.0,40.0,8,20.804099321365356
83,82,0.8066922183952643,0.6575570332203831,67.5,46.666666666666664,8,35.18100571632385
90,78,0.7303349759465502,0.42468882711821926,47.5,20.0,8,16.220518827438354
91,76,0.8487892585145353,0.3134129738943117,75.0,80.0,8,37.00341320037842
76,51,0.8524917371481381,0.6507062547046998,77.5,86.66666666666667,8,52.98799800872803
87,87,0.807296270296919,0.45152862622276624,45.0,40.0,7,31.8877170085907
78,64,0.8594590731559107,0.35996697093950947,77.5,86.66666666666667,7,20.20793104171753
58,61,0.854376396119649,0.3048812289272178,62.5,60.0,7,12.180899858474731
90,85,0.8432358149465904,0.5396117459109305,75.0,80.0,8,60.963313817977905
74,60,0.8918149589128056,0.4370097028714173,75.0,66.66666666666667,8,30.631552934646606
60,57,0.7847193724840966,0.41517184659029044,62.5,46.666666666666664,8,10.825258255004883
66,75,0.8172459664033594,0.5023554715537863,52.5,20.0,8,17.576072216033936
79,82,0.703622036764168,0.6488495635776605,67.5,60.0,7,39.06204032897949
66,93,0.8130266367178418,0.5786603295507569,85.0,93.33333333333333,7,54.87697792053223
91,57,0.8302734421976492,0.6084986674078952,62.5,46.666666666666664,8,46.59690022468567
85,58,0.7848261342604772,0.594577694249889,42.5,46.666666666666664,8,15.613851547241211
94,90,0.8851137025813552,0.48033574856165284,62.5,46.666666666666664,8,44.73201537132263
91,70,0.7331041020734579,0.37452835179764826,57.5,20.0,6,38.183064222335815
77,50,0.8739792724124257,0.5075352228504288,70.0,66.66666666666667,8,40.954322814941406
94,64,0.779800540774026,0.32190465552881253,72.5,60.0,7,34.12798070907593
63,59,0.8605706897196023,0.30185280920184115,60.0,40.0,8,22.96595549583435
89,74,0.8727036281225914,0.6691840927193939,77.5,73.33333333333333,8,58.98859214782715
61,67,0.7961673956178147,0.6673818899757205,72.5,73.33333333333333,8,28.779755115509033
78,74,0.7996735545478959,0.46757017980181914,52.5,20.0,8,23.449204444885254
78,82,0.7724787798233266,0.5322353401112173,52.5,60.0,8,17.38897466659546
76,75,0.7026188913176666,0.5654149488066842,75.0,66.66666666666667,8,50.71524691581726
61,66,0.8922140634938911,0.35946509110124514,60.0,40.0,7,23.733826398849487
76,77,0.8070139437867317,0.3737851485675424,67.5,46.666666666666664,6,38.09999394416809
61,50,0.7619873852537221,0.45892724618303915,60.0,40.0,7,24.377313137054443
73,81,0.7936463656882758,0.5499903948204209,42.5,20.0,8,15.465723991394043
83,79,0.8673129626584666,0.5349814416936297,57.5,20.0,8,47.567917585372925
55,63,0.8428118399579656,0.5110590920579143,67.5,73.33333333333333,8,20.760453939437866
82,98,0.7801526121750652,0.5238561325232871,72.5,73.33333333333333,8,50.650030851364136
58,50,0.7668725622620964,0.33020134552155567,47.5,20.0,8,11.720399141311646
57,81,0.7544603709440598,0.6589721639275536,70.0,66.66666666666667,8,23.923287391662598
88,82,0.705077271132069,0.36246103894647613,47.5,20.0,8,38.967002153396606
61,78,0.7815968990729689,0.5206890381037359,70.0,66.66666666666667,8,35.39225196838379
57,73,0.7392226199386905,0.5022031516424135,52.5,20.0,8,16.885700702667236
62,96,0.8138887035527,0.6549841930054011,55.0,40.0,8,11.953495025634766
82,96,0.8441626192621013,0.622125986943162,62.5,60.0,8,30.46372938156128
78,63,0.8206394804353959,0.6227400595850343,70.0,66.66666666666667,8,36.73918032646179
70,53,0.8888819451154547,0.3564327395110854,47.5,20.0,8,9.37194299697876
68,80,0.7647980122213599,0.33477000598013973,65.0,66.66666666666667,8,33.21627116203308
64,56,0.8471809226392004,0.6392512381867533,67.5,46.666666666666664,7,54.91450071334839
73,85,0.8285851127228506,0.5815784540554038,70.0,80.0,7,32.302481174468994
55,96,0.8249522542086503,0.434346342859934,47.5,20.0,7,26.445139169692993
56,52,0.8180589885029615,0.40722545632915047,42.5,20.0,8,7.71972393989563
59,86,0.7818823304382481,0.520818872340792,67.5,60.0,8,34.861534118652344
88,93,0.7439021050161917,0.6898189060795479,70.0,66.66666666666667,7,52.338927268981934
78,66,0.8736935951795826,0.4949724792998054,67.5,60.0,8,35.269758462905884
77,81,0.7850427008938466,0.30898772332804697,57.5,20.0,7,29.34087085723877
68,58,0.8083268429321734,0.5533912879304589,70.0,66.66666666666667,8,26.474008560180664
93,58,0.7278712148145647,0.6339720947197196,67.5,60.0,8,37.002232789993286
58,75,0.8051380364605372,0.3686717143393214,55.0,40.0,8,31.30363917350769
77,86,0.7036781353094933,0.6657195226241995,70.0,80.0,8,21.187208890914917
75,91,0.8153032951028507,0.4096220882748824,47.5,20.0,7,41.22537541389465
71,86,0.8302840776703728,0.6318967214828806,75.0,66.66666666666667,8,46.99147081375122
77,91,0.7280037077320898,0.40547352105384654,57.5,46.666666666666664,8,21.277710676193237
85,55,0.8464369156918125,0.4002922642246391,55.0,40.0,8,36.96335530281067
61,59,0.882882389184992,0.4675082099568292,47.5,20.0,8,22.35411810874939
82,95,0.7093931933550109,0.36651334750243175,60.0,66.66666666666667,8,41.396538496017456
55,85,0.8541971851070957,0.32729988214163663,50.0,40.0,8,27.9356951713562
65,89,0.7874386792714487,0.6662054709167655,62.5,60.0,7,43.82357954978943
93,89,0.8132809280593795,0.4904201608796398,57.5,20.0,8,30.896233320236206
78,71,0.8465144194420501,0.3859761514363027,70.0,66.66666666666667,7,37.958216190338135
90,96,0.752452808859965,0.5380311722801019,65.0,40.0,7,53.35880947113037
71,94,0.7309344281766472,0.5493330203619963,55.0,40.0,7,44.41490864753723
56,58,0.7150275563471618,0.5912755024814413,52.5,20.0,7,26.26838183403015
79,92,0.8196572116536309,0.4838726051044524,70.0,66.66666666666667,8,23.44228172302246
89,52,0.7155530688157914,0.30093575625031127,80.0,93.33333333333333,7,36.74048352241516
84,87,0.8180461333738174,0.4443895587760107,55.0,40.0,7,24.15932607650757
71,59,0.8381120464891281,0.5085202669654277,70.0,66.66666666666667,8,18.545960903167725
66,65,0.8745891671752817,0.5928899545638244,80.0,93.33333333333333,7,43.25653886795044
75,66,0.8317566733421435,0.576910625807141,47.5,20.0,7,27.3369722366333
60,57,0.7499336017718372,0.49576998545725615,67.5,60.0,7,35.221797943115234
69,75,0.710319161331742,0.5679669858200156,67.5,60.0,6,31.366790771484375
86,59,0.8176527513939862,0.6997413998263339,67.5,46.666666666666664,8,61.93232345581055
80,70,0.7946420236162667,0.425141942602235,55.0,40.0,7,37.93221688270569
69,56,0.7594698014745102,0.6697584781506121,52.5,20.0,7,34.68748903274536
77,78,0.7948428433314927,0.6448170603957253,55.0,40.0,7,46.657188177108765
93,84,0.7638200946486511,0.6315661896602709,55.0,40.0,8,17.118401050567627
71,63,0.8192539756964106,0.3920035349150812,60.0,40.0,7,25.7481107711792
88,52,0.839257755175628,0.4359499855072264,62.5,60.0,7,35.30522108078003
77,93,0.8144855518866931,0.621590791760359,77.5,86.66666666666667,8,36.54715895652771
58,78,0.8323310350161083,0.59514230676261,65.0,66.66666666666667,8,14.081716060638428
87,65,0.7853634113309729,0.6506661511449797,75.0,66.66666666666667,6,45.15497088432312
56,84,0.874019774780186,0.30850776434015487,55.0,40.0,8,7.022864818572998
67,62,0.7767927779839451,0.6730359637701011,60.0,40.0,7,23.88211464881897
93,95,0.770142363090342,0.6068753155724507,67.5,60.0,8,77.81583452224731
83,93,0.825501092643674,0.6494708456745355,55.0,40.0,6,58.79495143890381
64,79,0.7835533564334667,0.468542800910828,57.5,20.0,8,31.043368816375732
59,50,0.7477554291536604,0.34418964525255785,47.5,20.0,8,13.361259460449219
68,79,0.8705643643383802,0.5862213260936968,70.0,66.66666666666667,7,47.89637899398804
91,74,0.7554531291393547,0.6641356408230137,67.5,46.666666666666664,6,78.02064752578735
69,58,0.7218935197358229,0.4566520562161424,67.5,46.666666666666664,7,27.00180149078369
58,61,0.891283139511885,0.6191957288573533,60.0,40.0,7,21.353897094726562
91,92,0.817710845794649,0.6929322060320326,52.5,20.0,8,95.02168726921082
78,60,0.8807447934350541,0.6956739639253435,85.0,93.33333333333333,7,57.1334285736084
61,53,0.7463343402766887,0.6770927096540502,52.5,20.0,7,23.56701636314392
64,92,0.7353056064011017,0.38819448362807013,57.5,46.666666666666664,8,23.533512353897095
57,55,0.860153937425975,0.5519111691984613,67.5,46.666666666666664,8,33.3077552318573
77,98,0.8036520733352784,0.5389096289721363,52.5,46.666666666666664,8,13.183767557144165
89,99,0.7982372681737253,0.6985343103226896,55.0,40.0,8,45.926509618759155
57,81,0.7926761496431239,0.5491749531740474,62.5,46.666666666666664,8,22.96231961250305
79,58,0.878984288245568,0.6440507265671694,55.0,40.0,8,55.691211223602295
65,90,0.7782339532160759,0.40918374994252593,57.5,46.666666666666664,8,15.24945592880249
83,58,0.7088753327066473,0.6408774133388031,80.0,80.0,7,69.99637484550476
63,64,0.8310483961278043,0.5203429482436557,57.5,46.666666666666664,7,20.91240620613098
88,73,0.750529818792177,0.30203285592721035,57.5,20.0,6,48.47916054725647
59,97,0.7991751470157542,0.33241848636305915,70.0,66.66666666666667,8,18.630996227264404
67,77,0.71522617189806,0.6404827656195075,60.0,40.0,8,24.223681211471558
94,94,0.7961173154653296,0.536963113863807,47.5,20.0,7,26.56383490562439
57,89,0.8356032305118127,0.5262927855983164,62.5,46.666666666666664,8,24.230736255645752
87,55,0.8042520624360829,0.6472643216206188,60.0,40.0,5,39.57569146156311
82,82,0.7314681319405052,0.3641600421320288,67.5,46.666666666666664,7,32.53769898414612
67,92,0.7477380062602035,0.6720361402038955,65.0,40.0,7,52.18399214744568
90,76,0.8505433279115282,0.36344204211722947,62.5,46.666666666666664,7,70.35663223266602
85,72,0.7010290341509429,0.62797876696324,65.0,40.0,7,57.568912744522095
84,88,0.7321519792096616,0.6271868096476249,60.0,66.66666666666667,7,44.405540466308594
68,62,0.8014935467521672,0.3025543486867334,47.5,20.0,8,24.348424673080444
86,62,0.8233853836751485,0.6924744712109694,72.5,73.33333333333333,8,30.44472312927246
71,89,0.7519607162128319,0.5536022812398445,60.0,40.0,7,37.42280459403992
78,94,0.8559690790302288,0.34279225553078335,67.5,60.0,7,51.59595012664795
84,56,0.8082533157352221,0.6851968015435979,52.5,46.666666666666664,8,16.901329040527344
82,64,0.8864056211020035,0.34100389119627167,75.0,66.66666666666667,8,40.87072944641113
58,69,0.8375771444601627,0.32713482364206875,42.5,20.0,8,7.069273233413696
81,66,0.8541968585064271,0.5834288018410517,55.0,40.0,8,14.111674547195435
55,71,0.8241831035534954,0.3182968135250051,42.5,20.0,6,9.654641389846802
68,96,0.8937755710571383,0.5998607326971699,70.0,66.66666666666667,8,21.923575401306152
89,61,0.7049173832917602,0.30884942061159887,57.5,46.666666666666664,8,17.251142263412476
60,96,0.7977286380809332,0.6081629671231172,60.0,40.0,7,31.475087642669678
77,75,0.7317876566553513,0.4874157667074337,57.5,46.666666666666664,8,25.481810808181763
58,66,0.7204387239387438,0.6416839097846263,57.5,20.0,8,27.109739303588867
69,78,0.8387364451562977,0.38830784511550415,72.5,73.33333333333333,8,30.703121423721313
56,96,0.8360998604149426,0.561804485712454,50.0,40.0,7,32.711095571517944
81,52,0.8901727124500821,0.3604231567123601,77.5,73.33333333333333,8,54.43288803100586
82,78,0.8887231840335198,0.46789092677044886,57.5,46.666666666666664,8,37.604106426239014
74,55,0.8520188156876194,0.47691950495236407,50.0,40.0,8,14.185946702957153
55,87,0.7459909211782172,0.3852418816100333,65.0,80.0,8,9.584213018417358
79,73,0.7737052687447522,0.6457432999358548,37.5,20.0,8,23.46911382675171
70,76,0.8936386855829443,0.37421020628124846,60.0,40.0,8,21.267886877059937
71,78,0.8553193705583484,0.6083687378576208,65.0,40.0,8,28.25920796394348
61,52,0.8593595655728055,0.4176671893373911,47.5,46.666666666666664,8,12.365036487579346
78,52,0.7370917749353308,0.4848389163062642,57.5,46.666666666666664,8,13.2641441822052
84,63,0.8196654530244853,0.5429225793050685,57.5,60.0,8,27.800929307937622
74,85,0.8116825345166396,0.3902160569774942,52.5,20.0,8,32.88876724243164
76,51,0.8595118201274377,0.4241447835694295,65.0,40.0,8,42.8371639251709
67,66,0.70232410798162,0.32897875511782354,52.5,20.0,8,13.363479375839233
72,95,0.894939970374138,0.588755051170774,75.0,66.66666666666667,8,38.72949433326721
65,94,0.8514118535222447,0.6810594552154867,70.0,66.66666666666667,7,39.77227711677551
62,60,0.7961013894515658,0.3419720713672699,52.5,46.666666666666664,8,9.801127195358276
71,61,0.8973325186534293,0.35699821716060526,57.5,46.666666666666664,8,18.361196279525757
70,71,0.7420699159837737,0.4384066270579358,47.5,20.0,8,15.161115169525146
94,81,0.8882475008464773,0.32896650885853657,52.5,20.0,8,39.12464189529419
87,82,0.87650669716392,0.3330034137761685,67.5,46.666666666666664,7,40.68593382835388
67,75,0.7793846552403192,0.3530863016172241,45.0,40.0,8,8.849487781524658
93,75,0.8378929938274531,0.6202346796436331,65.0,40.0,8,62.605568408966064
88,91,0.7334965164518139,0.3418271361337601,77.5,86.66666666666667,7,34.933000326156616
65,52,0.8792442605370077,0.5379106549507744,67.5,60.0,8,44.89472460746765
63,88,0.8225888349731212,0.4195343545349255,62.5,46.666666666666664,8,27.232727527618408
66,57,0.8894700925262078,0.5501218640855792,65.0,40.0,6,32.383556604385376
74,96,0.8629650227493024,0.33204593855387005,65.0,66.66666666666667,8,22.930327653884888
74,65,0.8095184752307473,0.6269191079849974,80.0,80.0,8,55.21798038482666
80,52,0.7081508212184945,0.3655997923957989,62.5,46.666666666666664,8,27.129022121429443
68,60,0.8449653119748117,0.5373114593240714,60.0,40.0,8,40.98694920539856
66,62,0.7958557857152575,0.5462968087768971,50.0,40.0,8,13.801145315170288
73,95,0.7673791583542213,0.3728471662754797,47.5,20.0,8,12.872122287750244
86,93,0.8110727101875262,0.5876807113089055,72.5,73.33333333333333,8,53.482985973358154
76,86,0.8992667832113483,0.6899172648587132,70.0,66.66666666666667,8,53.81186819076538
57,77,0.739908490185829,0.5720912969725165,77.5,73.33333333333333,8,37.82981491088867
83,64,0.7515365777022427,0.4850491826957265,62.5,46.666666666666664,7,26.870787143707275
84,70,0.8454338139532616,0.5970826084799924,65.0,40.0,7,18.628678560256958
74,86,0.7691869985093925,0.44841550519384105,60.0,40.0,7,23.255487203598022
74,73,0.8086601046726577,0.5055983471234899,62.5,46.666666666666664,7,41.30825066566467
90,83,0.7973337882849405,0.6493692952326642,70.0,66.66666666666667,8,42.998788833618164
88,85,0.7843441853746911,0.4107311188940206,60.0,40.0,7,38.92971634864807
66,52,0.8245933167126965,0.5526240880370081,55.0,40.0,8,22.144266366958618
69,82,0.7263135370254519,0.5863299858728355,57.5,60.0,8,22.242358922958374
84,72,0.8265081066452612,0.4491394548755738,65.0,40.0,7,53.179362297058105
56,86,0.8708770186739159,0.49691114257921387,70.0,66.66666666666667,8,27.033392667770386
68,88,0.7718466738799531,0.5371803405739709,52.5,46.666666666666664,8,37.00483298301697
60,66,0.7782163073303521,0.687764928934115,60.0,40.0,8,31.563511848449707
56,84,0.8313473329082585,0.4300760256898779,60.0,40.0,7,21.702394723892212
94,61,0.7261747321436699,0.6879284180314178,62.5,46.666666666666664,7,53.6979238986969
85,60,0.8767419339321505,0.476809749513143,52.5,20.0,8,27.64575481414795
70,59,0.7897555147662806,0.5677561605837445,62.5,46.666666666666664,8,45.22436261177063
55,54,0.749742854517526,0.546857994641612,70.0,66.66666666666667,8,10.826183080673218
55,69,0.7758717179844847,0.5422152630579531,55.0,40.0,8,11.555791139602661
91,61,0.7949261751499628,0.6376681795876789,70.0,66.66666666666667,7,66.38977694511414
82,96,0.8736542561026517,0.38233648401470727,70.0,66.66666666666667,8,30.822680473327637
74,99,0.8973385960714324,0.3491883234118507,67.5,60.0,8,16.53981900215149
91,69,0.7103393674483054,0.5560011867347654,70.0,66.66666666666667,8,27.52885890007019
89,55,0.7360020874945447,0.3354222336892965,60.0,40.0,8,28.18870496749878
87,98,0.8169341400885177,0.5752831463466381,80.0,93.33333333333333,8,49.97412943840027
74,99,0.8930237392872091,0.3019759923737638,52.5,20.0,7,26.12570357322693
88,74,0.8278239875631,0.6471673178080088,52.5,20.0,8,22.99528694152832
85,96,0.8043460093272427,0.4370613952483661,67.5,60.0,8,44.643253803253174
92,69,0.7251483023613298,0.35308586152771093,52.5,20.0,8,40.84940576553345
70,99,0.7403706904245897,0.5693729733299668,70.0,66.66666666666667,8,28.431009531021118
75,50,0.8461658949741753,0.36246553791686953,50.0,40.0,8,28.40507936477661
92,54,0.8926693665640798,0.4021226098913727,75.0,66.66666666666667,8,47.09496808052063
55,75,0.7748593534279585,0.3070063963448249,67.5,46.666666666666664,7,26.78367328643799
72,66,0.8661754382683411,0.6458435343820146,60.0,40.0,8,44.4494469165802
66,76,0.8861897391013955,0.5758107004126245,67.5,46.666666666666664,8,32.82842779159546
87,50,0.7431350304795434,0.5635541880930628,75.0,66.66666666666667,7,47.95121765136719
59,90,0.7213186060615981,0.5631381218412144,72.5,86.66666666666667,5,37.787986278533936
60,58,0.8732877335055291,0.6973347749434513,75.0,66.66666666666667,8,44.242987632751465
67,58,0.7180963390574101,0.4154742382122552,55.0,40.0,7,19.516850471496582
65,53,0.8301023295583432,0.6060763458223138,65.0,40.0,8,11.882680654525757
58,87,0.7876344692823976,0.6605502598353776,67.5,60.0,8,30.175652742385864
67,90,0.7634391433530797,0.6475602502162283,80.0,93.33333333333333,8,46.663899183273315
55,73,0.7593738549120561,0.5596298635177572,62.5,46.666666666666664,7,29.733685731887817
75,64,0.8260417496658288,0.5439327221994777,60.0,40.0,8,41.68199920654297
69,70,0.7760839408465595,0.5193998886605906,52.5,46.666666666666664,8,16.09122085571289
87,98,0.8091373776990947,0.47776778110048057,57.5,46.666666666666664,7,32.751179456710815
92,75,0.8174123415402301,0.36737775405708784,57.5,46.666666666666664,8,12.04287600517273
68,59,0.8518688655845732,0.5001781236522965,62.5,60.0,7,30.032998085021973
75,75,0.8902957119331982,0.6388669445490296,77.5,73.33333333333333,7,51.23538899421692
82,78,0.7682495655252313,0.4520782475143428,65.0,66.66666666666667,8,32.874106645584106
88,97,0.8160344738454665,0.5134410186907513,67.5,46.666666666666664,8,59.815141916275024
69,92,0.8529766523084257,0.6251942954864373,52.5,20.0,8,27.002559423446655
75,72,0.7861724183076066,0.6586857159360489,55.0,40.0,8,28.163901567459106
69,74,0.8309386162862696,0.4520298035748821,52.5,20.0,8,27.122244119644165
58,70,0.7958366458887199,0.3778233292741204,70.0,66.66666666666667,8,18.906524658203125
68,53,0.7513553135441016,0.4139491607847691,52.5,46.666666666666664,7,17.296809673309326
81,78,0.8606051795665327,0.5156645106701018,72.5,60.0,8,60.17613935470581
70,91,0.8220667566621837,0.5864602696892773,62.5,60.0,8,20.742039918899536
67,53,0.8646348031191321,0.5089924162064473,55.0,40.0,8,27.571630239486694
61,80,0.8718831586561179,0.6199124381696086,62.5,46.666666666666664,7,23.47148895263672
85,56,0.759055657844062,0.6173629032591349,60.0,40.0,7,61.42221927642822
90,69,0.796709129343985,0.6223970199100632,65.0,66.66666666666667,8,18.934937477111816
55,93,0.7086825065709638,0.5532605502376089,62.5,46.666666666666664,7,34.21156883239746
67,71,0.863837771885358,0.6536825853393631,75.0,66.66666666666667,8,63.343931436538696
63,75,0.7424089679816452,0.5443923955403966,55.0,40.0,8,21.07878065109253
62,73,0.7706842758605436,0.3947482235897928,70.0,66.66666666666667,7,38.007184982299805
91,53,0.7549612071096272,0.6290457274054713,55.0,40.0,8,21.093461275100708
93,59,0.8619059951536884,0.6066624540801624,60.0,66.66666666666667,8,17.271276712417603
64,82,0.7847889625826604,0.36119352033142504,52.5,20.0,8,25.046233654022217
89,93,0.8725594155086457,0.38669592003631026,65.0,66.66666666666667,8,27.773268461227417
71,71,0.7047277172092672,0.5567886001773064,72.5,73.33333333333333,6,23.549925088882446
82,56,0.809339482542814,0.39277883844639017,70.0,66.66666666666667,7,41.34252738952637
68,62,0.8188952670372346,0.49870674354366773,72.5,73.33333333333333,8,30.012993812561035
56,84,0.8194093833791383,0.5703364980349503,62.5,46.666666666666664,8,44.9827995300293
93,90,0.8384872302648739,0.6965023974808753,75.0,80.0,8,64.0497694015503
73,53,0.8448677634257482,0.5313547668025635,67.5,60.0,8,31.901893854141235
93,94,0.7158838737977973,0.33426329983857217,55.0,40.0,7,49.93059253692627
87,85,0.7383734649437486,0.4293486248462083,62.5,46.666666666666664,7,34.888057231903076
60,90,0.8234311566791294,0.4769639745922678,60.0,40.0,7,30.788320541381836
56,54,0.7139863211418868,0.5560672895312664,65.0,66.66666666666667,8,22.025689363479614
62,87,0.8185623983306846,0.5720527724413805,67.5,60.0,7,35.140549421310425
57,71,0.833897391039638,0.697655744488467,50.0,40.0,8,31.203272104263306
56,87,0.811556683474005,0.5922602040956984,67.5,60.0,7,19.174504041671753
84,57,0.8160950013433349,0.33550695764310734,47.5,20.0,8,10.952968120574951
59,62,0.8269920091182066,0.6019351279763391,60.0,40.0,8,29.401249647140503
70,91,0.7193352899293439,0.480148374503274,70.0,66.66666666666667,8,29.118417024612427
70,61,0.7695143048477964,0.5659646897948871,72.5,73.33333333333333,8,46.66669535636902
74,52,0.8854355638958905,0.3938568327421814,72.5,60.0,7,35.690574645996094
82,89,0.7040052711851649,0.5948720900028972,62.5,46.666666666666664,8,54.33671998977661
55,79,0.8041915954544084,0.5494342752011039,75.0,66.66666666666667,7,31.513442039489746
72,57,0.8510540840993616,0.3510853934540939,55.0,40.0,7,40.45387411117554
70,61,0.8564056175340772,0.5834978790971905,60.0,40.0,8,29.425766706466675
68,85,0.7606256711890657,0.40524502796433715,62.5,46.666666666666664,7,21.77264928817749
56,90,0.7175285493527677,0.6747831292124251,62.5,46.666666666666664,7,29.620827436447144
63,50,0.7611048621316047,0.45879260682971335,72.5,60.0,7,30.35817289352417
77,75,0.8201188666721234,0.5062717710785991,65.0,40.0,8,62.18690752983093
89,71,0.7993926965811661,0.696863205929325,62.5,60.0,7,42.1829993724823
91,91,0.8002305998364019,0.4588715109716844,57.5,20.0,7,38.661566734313965
92,67,0.8255900105545272,0.5697215225636194,60.0,40.0,8,44.59575033187866
84,63,0.8611850800235242,0.6160121745228245,85.0,93.33333333333333,6,53.63293766975403
68,58,0.764505595569283,0.3091575299904481,72.5,60.0,7,32.97177314758301
81,51,0.7447228868992622,0.6829291551578348,77.5,73.33333333333333,8,37.14270043373108
72,59,0.8644961127268722,0.35300986909673937,55.0,40.0,7,32.47658443450928
87,85,0.8212741888866751,0.3556792098470119,72.5,86.66666666666667,8,13.45638656616211
70,95,0.7349677254520824,0.5010264305853769,70.0,66.66666666666667,8,15.09182596206665
60,74,0.8332613771670079,0.3487047644501099,47.5,46.666666666666664,8,9.659313440322876
75,83,0.8012215109693501,0.393020543346152,67.5,60.0,8,54.18619346618652
66,81,0.724407010424879,0.5377163002247098,62.5,46.666666666666664,8,48.09974217414856
85,63,0.8752210385196085,0.41110104949970444,57.5,20.0,8,42.42476963996887
60,81,0.7432076365019199,0.5478351819591318,75.0,80.0,6,27.382388830184937
77,68,0.7772921682318295,0.5257764362715529,60.0,40.0,8,25.6446430683136
88,59,0.7423510701330956,0.4938406348075458,65.0,66.66666666666667,8,46.97357416152954
85,64,0.8967357850526827,0.3956720416863702,62.5,46.666666666666664,8,12.127268552780151
